Block,TestName,PValue,Pass
1,nist::frequency,0.774028657888,PASS
1,nist::block_frequency,0.061046927521,PASS
1,nist::runs,0.186249017137,PASS
1,nist::longest_run,0.281091050058,PASS
1,nist::matrix_rank,0.322320705357,PASS
1,nist::spectral,0.726041060342,PASS
1,nist::overlapping_template,0.759608760929,PASS
1,nist::universal,0.351672400106,PASS
1,nist::linear_complexity,0.746951916618,PASS
1,nist::approximate_entropy,0.578822305656,PASS
1,nist::cumulative_sums_forward,0.774936013047,PASS
1,nist::cumulative_sums_backward,0.514843875715,PASS
1,nist::non_overlapping_template,0.271636088434,PASS
1,nist::non_overlapping_template,0.777527005517,PASS
1,nist::non_overlapping_template,0.406422582102,PASS
1,nist::non_overlapping_template,0.276674263268,PASS
1,nist::non_overlapping_template,0.600611473483,PASS
1,nist::non_overlapping_template,0.033807251569,PASS
1,nist::non_overlapping_template,0.066411096651,PASS
1,nist::non_overlapping_template,0.178168296255,PASS
1,nist::non_overlapping_template,0.088450607628,PASS
1,nist::non_overlapping_template,0.089056610399,PASS
1,nist::non_overlapping_template,0.637115552854,PASS
1,nist::non_overlapping_template,0.537626555100,PASS
1,nist::non_overlapping_template,0.149266671948,PASS
1,nist::non_overlapping_template,0.171474893913,PASS
1,nist::non_overlapping_template,0.964721570495,PASS
1,nist::non_overlapping_template,0.047773295043,PASS
1,nist::non_overlapping_template,0.797042367883,PASS
1,nist::non_overlapping_template,0.441199315098,PASS
1,nist::non_overlapping_template,0.574636561488,PASS
1,nist::non_overlapping_template,0.790029485679,PASS
1,nist::non_overlapping_template,0.899669243797,PASS
1,nist::non_overlapping_template,0.933026295646,PASS
1,nist::non_overlapping_template,0.592386361567,PASS
1,nist::non_overlapping_template,0.829320508257,PASS
1,nist::non_overlapping_template,0.679887970566,PASS
1,nist::non_overlapping_template,0.023939659172,PASS
1,nist::non_overlapping_template,0.273249986940,PASS
1,nist::non_overlapping_template,0.735334398257,PASS
1,nist::non_overlapping_template,0.106139596684,PASS
1,nist::non_overlapping_template,0.119584894935,PASS
1,nist::non_overlapping_template,0.300410710076,PASS
1,nist::non_overlapping_template,0.000553147539,FAIL
1,nist::non_overlapping_template,0.253967739624,PASS
1,nist::non_overlapping_template,0.512281076710,PASS
1,nist::non_overlapping_template,0.737349609321,PASS
1,nist::non_overlapping_template,0.747843253769,PASS
1,nist::non_overlapping_template,0.384623589900,PASS
1,nist::non_overlapping_template,0.229902329339,PASS
1,nist::non_overlapping_template,0.508041157666,PASS
1,nist::non_overlapping_template,0.263940309402,PASS
1,nist::non_overlapping_template,0.599922393693,PASS
1,nist::non_overlapping_template,0.936555032678,PASS
1,nist::non_overlapping_template,0.942317881189,PASS
1,nist::non_overlapping_template,0.830544083802,PASS
1,nist::non_overlapping_template,0.644134318633,PASS
1,nist::non_overlapping_template,0.138547608101,PASS
1,nist::non_overlapping_template,0.101475159445,PASS
1,nist::non_overlapping_template,0.041680804381,PASS
1,nist::non_overlapping_template,0.930175971823,PASS
1,nist::non_overlapping_template,0.672287053368,PASS
1,nist::non_overlapping_template,0.041638336759,PASS
1,nist::non_overlapping_template,0.000307153118,FAIL
1,nist::non_overlapping_template,0.856191645728,PASS
1,nist::non_overlapping_template,0.815455280388,PASS
1,nist::non_overlapping_template,0.683688513564,PASS
1,nist::non_overlapping_template,0.798629454682,PASS
1,nist::non_overlapping_template,0.899353075114,PASS
1,nist::non_overlapping_template,0.956559608964,PASS
1,nist::non_overlapping_template,0.768923760064,PASS
1,nist::non_overlapping_template,0.541422558344,PASS
1,nist::non_overlapping_template,0.369699077220,PASS
1,nist::non_overlapping_template,0.330548238755,PASS
1,nist::non_overlapping_template,0.392606052355,PASS
1,nist::non_overlapping_template,0.161323279374,PASS
1,nist::non_overlapping_template,0.117473922591,PASS
1,nist::non_overlapping_template,0.240513465429,PASS
1,nist::non_overlapping_template,0.346368330835,PASS
1,nist::non_overlapping_template,0.836670304301,PASS
1,nist::non_overlapping_template,0.677798305180,PASS
1,nist::non_overlapping_template,0.790187174233,PASS
1,nist::non_overlapping_template,0.392368223506,PASS
1,nist::non_overlapping_template,0.542506750839,PASS
1,nist::non_overlapping_template,0.630064717560,PASS
1,nist::non_overlapping_template,0.039852786565,PASS
1,nist::non_overlapping_template,0.271636088434,PASS
1,nist::non_overlapping_template,0.848865878911,PASS
1,nist::non_overlapping_template,0.951768340106,PASS
1,nist::non_overlapping_template,0.238129745750,PASS
1,nist::non_overlapping_template,0.413150186785,PASS
1,nist::non_overlapping_template,0.392334774561,PASS
1,nist::non_overlapping_template,0.030035450045,PASS
1,nist::non_overlapping_template,0.501813585451,PASS
1,nist::non_overlapping_template,0.456113005971,PASS
1,nist::non_overlapping_template,0.465387778834,PASS
1,nist::non_overlapping_template,0.391882658658,PASS
1,nist::non_overlapping_template,0.452552911542,PASS
1,nist::non_overlapping_template,0.225903546878,PASS
1,nist::non_overlapping_template,0.811331964996,PASS
1,nist::non_overlapping_template,0.130699790909,PASS
1,nist::non_overlapping_template,0.548287721068,PASS
1,nist::non_overlapping_template,0.828395846683,PASS
1,nist::non_overlapping_template,0.721257050708,PASS
1,nist::non_overlapping_template,0.458312551931,PASS
1,nist::non_overlapping_template,0.389364844646,PASS
1,nist::non_overlapping_template,0.423615641694,PASS
1,nist::non_overlapping_template,0.174772149148,PASS
1,nist::non_overlapping_template,0.146469279658,PASS
1,nist::non_overlapping_template,0.637427504231,PASS
1,nist::non_overlapping_template,0.455150990831,PASS
1,nist::non_overlapping_template,0.384913829643,PASS
1,nist::non_overlapping_template,0.592741006692,PASS
1,nist::non_overlapping_template,0.928375402169,PASS
1,nist::non_overlapping_template,0.099446410612,PASS
1,nist::non_overlapping_template,0.115842688166,PASS
1,nist::non_overlapping_template,0.664756463790,PASS
1,nist::non_overlapping_template,0.248934374509,PASS
1,nist::non_overlapping_template,0.913727472048,PASS
1,nist::non_overlapping_template,0.774841987349,PASS
1,nist::non_overlapping_template,0.444299207995,PASS
1,nist::non_overlapping_template,0.839085575334,PASS
1,nist::non_overlapping_template,0.884162114798,PASS
1,nist::non_overlapping_template,0.540077113694,PASS
1,nist::non_overlapping_template,0.061072362212,PASS
1,nist::non_overlapping_template,0.333643163052,PASS
1,nist::non_overlapping_template,0.925020824368,PASS
1,nist::non_overlapping_template,0.963270414851,PASS
1,nist::non_overlapping_template,0.502019231563,PASS
1,nist::non_overlapping_template,0.326369430534,PASS
1,nist::non_overlapping_template,0.855437786501,PASS
1,nist::non_overlapping_template,0.595337764920,PASS
1,nist::non_overlapping_template,0.448502355670,PASS
1,nist::non_overlapping_template,0.046485962662,PASS
1,nist::non_overlapping_template,0.013237998007,PASS
1,nist::non_overlapping_template,0.812414653926,PASS
1,nist::non_overlapping_template,0.444085154249,PASS
1,nist::non_overlapping_template,0.737106873152,PASS
1,nist::non_overlapping_template,0.316208631494,PASS
1,nist::non_overlapping_template,0.501648597380,PASS
1,nist::non_overlapping_template,0.692096265553,PASS
1,nist::non_overlapping_template,0.326214173541,PASS
1,nist::non_overlapping_template,0.783575099931,PASS
1,nist::non_overlapping_template,0.487979293674,PASS
1,nist::non_overlapping_template,0.267352061186,PASS
1,nist::non_overlapping_template,0.449122936788,PASS
1,nist::non_overlapping_template,0.086816580341,PASS
1,nist::non_overlapping_template,0.904253150711,PASS
1,nist::non_overlapping_template,0.753077131232,PASS
1,nist::non_overlapping_template,0.812916395872,PASS
1,nist::non_overlapping_template,0.571745523249,PASS
1,nist::non_overlapping_template,0.074571484733,PASS
1,nist::non_overlapping_template,0.561973038134,PASS
1,nist::non_overlapping_template,0.045944884548,PASS
1,nist::non_overlapping_template,0.840686692979,PASS
1,nist::non_overlapping_template,0.178238194908,PASS
1,nist::non_overlapping_template,0.527235705671,PASS
1,nist::non_overlapping_template,0.428325513398,PASS
1,nist::non_overlapping_template,0.001975942923,FAIL
1,nist::non_overlapping_template,0.039852786565,PASS
1,nist::serial_delta1,0.164695106766,PASS
1,nist::serial_delta2,0.401698549428,PASS
1,maurer::universal_l06,0.758951535956,PASS
1,maurer::universal_l07,0.628119494284,PASS
1,maurer::universal_l08,0.724161364482,PASS
1,maurer::universal_l09,0.326870917366,PASS
1,maurer::universal_l10,0.351672400106,PASS
1,maurer::universal_l11,0.045596451237,PASS
1,maurer::universal_l12,0.058155561295,PASS
1,maurer::universal_l13,0.585049643817,PASS
1,maurer::universal_l14,0.521267863636,PASS
1,maurer::universal_l15,0.031085419458,PASS
1,maurer::universal_l16,0.423442097036,PASS
1,nist::random_excursions,0.035538856721,PASS
1,nist::random_excursions,0.516429410353,PASS
1,nist::random_excursions,0.085051867039,PASS
1,nist::random_excursions,0.331189544075,PASS
1,nist::random_excursions,0.937674552646,PASS
1,nist::random_excursions,0.914208237589,PASS
1,nist::random_excursions,0.359091075507,PASS
1,nist::random_excursions,0.834646300968,PASS
1,nist::random_excursions_variant,0.103682393167,PASS
1,nist::random_excursions_variant,0.068178506772,PASS
1,nist::random_excursions_variant,0.066317030775,PASS
1,nist::random_excursions_variant,0.086192673840,PASS
1,nist::random_excursions_variant,0.058819057688,PASS
1,nist::random_excursions_variant,0.061991869989,PASS
1,nist::random_excursions_variant,0.040864192289,PASS
1,nist::random_excursions_variant,0.009630426589,FAIL
1,nist::random_excursions_variant,0.028367555606,PASS
1,nist::random_excursions_variant,0.885555785506,PASS
1,nist::random_excursions_variant,0.923614050223,PASS
1,nist::random_excursions_variant,0.839131130872,PASS
1,nist::random_excursions_variant,0.893474774179,PASS
1,nist::random_excursions_variant,0.636651403142,PASS
1,nist::random_excursions_variant,0.517237210138,PASS
1,nist::random_excursions_variant,0.461142740312,PASS
1,nist::random_excursions_variant,0.354339014608,PASS
1,nist::random_excursions_variant,0.437728077989,PASS
2,nist::frequency,0.147276507045,PASS
2,nist::block_frequency,0.902843590524,PASS
2,nist::runs,0.369199526497,PASS
2,nist::longest_run,0.863897839609,PASS
2,nist::matrix_rank,0.562876879964,PASS
2,nist::spectral,0.386662422394,PASS
2,nist::overlapping_template,0.168757014139,PASS
2,nist::universal,0.864325078858,PASS
2,nist::linear_complexity,0.284960627191,PASS
2,nist::approximate_entropy,0.945863764392,PASS
2,nist::cumulative_sums_forward,0.260826860593,PASS
2,nist::cumulative_sums_backward,0.223296398119,PASS
2,nist::non_overlapping_template,0.245987188833,PASS
2,nist::non_overlapping_template,0.878710800386,PASS
2,nist::non_overlapping_template,0.006125415307,FAIL
2,nist::non_overlapping_template,0.690930315766,PASS
2,nist::non_overlapping_template,0.717670208286,PASS
2,nist::non_overlapping_template,0.912391757716,PASS
2,nist::non_overlapping_template,0.420409842452,PASS
2,nist::non_overlapping_template,0.636665753340,PASS
2,nist::non_overlapping_template,0.662860271543,PASS
2,nist::non_overlapping_template,0.446442789029,PASS
2,nist::non_overlapping_template,0.717422730719,PASS
2,nist::non_overlapping_template,0.701162097668,PASS
2,nist::non_overlapping_template,0.139443957708,PASS
2,nist::non_overlapping_template,0.127494760795,PASS
2,nist::non_overlapping_template,0.084080031752,PASS
2,nist::non_overlapping_template,0.919482809631,PASS
2,nist::non_overlapping_template,0.573795885435,PASS
2,nist::non_overlapping_template,0.341515637338,PASS
2,nist::non_overlapping_template,0.881607825600,PASS
2,nist::non_overlapping_template,0.424794534519,PASS
2,nist::non_overlapping_template,0.260058901287,PASS
2,nist::non_overlapping_template,0.370153143956,PASS
2,nist::non_overlapping_template,0.976667894196,PASS
2,nist::non_overlapping_template,0.934694312137,PASS
2,nist::non_overlapping_template,0.766546623072,PASS
2,nist::non_overlapping_template,0.750919711092,PASS
2,nist::non_overlapping_template,0.560104581316,PASS
2,nist::non_overlapping_template,0.413496040278,PASS
2,nist::non_overlapping_template,0.433377574442,PASS
2,nist::non_overlapping_template,0.956227842324,PASS
2,nist::non_overlapping_template,0.691875049346,PASS
2,nist::non_overlapping_template,0.045139483777,PASS
2,nist::non_overlapping_template,0.500227690473,PASS
2,nist::non_overlapping_template,0.217134764922,PASS
2,nist::non_overlapping_template,0.887784846028,PASS
2,nist::non_overlapping_template,0.962549393454,PASS
2,nist::non_overlapping_template,0.604708369575,PASS
2,nist::non_overlapping_template,0.998254201011,PASS
2,nist::non_overlapping_template,0.272422351896,PASS
2,nist::non_overlapping_template,0.098023132753,PASS
2,nist::non_overlapping_template,0.758387166905,PASS
2,nist::non_overlapping_template,0.895813795718,PASS
2,nist::non_overlapping_template,0.955432138331,PASS
2,nist::non_overlapping_template,0.244338119982,PASS
2,nist::non_overlapping_template,0.354644382593,PASS
2,nist::non_overlapping_template,0.820181924912,PASS
2,nist::non_overlapping_template,0.917126026959,PASS
2,nist::non_overlapping_template,0.347887107237,PASS
2,nist::non_overlapping_template,0.612959276794,PASS
2,nist::non_overlapping_template,0.930214319177,PASS
2,nist::non_overlapping_template,0.131262865643,PASS
2,nist::non_overlapping_template,0.607469128951,PASS
2,nist::non_overlapping_template,0.122869612024,PASS
2,nist::non_overlapping_template,0.456216792288,PASS
2,nist::non_overlapping_template,0.094671913823,PASS
2,nist::non_overlapping_template,0.976409515657,PASS
2,nist::non_overlapping_template,0.544022781375,PASS
2,nist::non_overlapping_template,0.723601272763,PASS
2,nist::non_overlapping_template,0.453088011413,PASS
2,nist::non_overlapping_template,0.434709053213,PASS
2,nist::non_overlapping_template,0.752038347170,PASS
2,nist::non_overlapping_template,0.592755018241,PASS
2,nist::non_overlapping_template,0.290496890201,PASS
2,nist::non_overlapping_template,0.746667849245,PASS
2,nist::non_overlapping_template,0.459770273370,PASS
2,nist::non_overlapping_template,0.957833949050,PASS
2,nist::non_overlapping_template,0.183657767543,PASS
2,nist::non_overlapping_template,0.129386234484,PASS
2,nist::non_overlapping_template,0.223608047046,PASS
2,nist::non_overlapping_template,0.625192924427,PASS
2,nist::non_overlapping_template,0.898978826028,PASS
2,nist::non_overlapping_template,0.755447652655,PASS
2,nist::non_overlapping_template,0.287581895519,PASS
2,nist::non_overlapping_template,0.325524191201,PASS
2,nist::non_overlapping_template,0.245987188833,PASS
2,nist::non_overlapping_template,0.992701008610,PASS
2,nist::non_overlapping_template,0.600389372650,PASS
2,nist::non_overlapping_template,0.966649786310,PASS
2,nist::non_overlapping_template,0.379516003724,PASS
2,nist::non_overlapping_template,0.680501820925,PASS
2,nist::non_overlapping_template,0.382626526201,PASS
2,nist::non_overlapping_template,0.926321801151,PASS
2,nist::non_overlapping_template,0.833045315847,PASS
2,nist::non_overlapping_template,0.201944323028,PASS
2,nist::non_overlapping_template,0.974020634240,PASS
2,nist::non_overlapping_template,0.397307151999,PASS
2,nist::non_overlapping_template,0.833581833997,PASS
2,nist::non_overlapping_template,0.321566928714,PASS
2,nist::non_overlapping_template,0.639383299920,PASS
2,nist::non_overlapping_template,0.135155958879,PASS
2,nist::non_overlapping_template,0.726038183325,PASS
2,nist::non_overlapping_template,0.049425724512,PASS
2,nist::non_overlapping_template,0.155977078240,PASS
2,nist::non_overlapping_template,0.783089626566,PASS
2,nist::non_overlapping_template,0.683652435370,PASS
2,nist::non_overlapping_template,0.528677069733,PASS
2,nist::non_overlapping_template,0.896878341846,PASS
2,nist::non_overlapping_template,0.982293727859,PASS
2,nist::non_overlapping_template,0.672352329354,PASS
2,nist::non_overlapping_template,0.110286069236,PASS
2,nist::non_overlapping_template,0.915749919413,PASS
2,nist::non_overlapping_template,0.783671831086,PASS
2,nist::non_overlapping_template,0.816615985960,PASS
2,nist::non_overlapping_template,0.895040800020,PASS
2,nist::non_overlapping_template,0.709410162425,PASS
2,nist::non_overlapping_template,0.344805174453,PASS
2,nist::non_overlapping_template,0.385194141208,PASS
2,nist::non_overlapping_template,0.788808296198,PASS
2,nist::non_overlapping_template,0.868606446863,PASS
2,nist::non_overlapping_template,0.740411423131,PASS
2,nist::non_overlapping_template,0.552730337612,PASS
2,nist::non_overlapping_template,0.594793523127,PASS
2,nist::non_overlapping_template,0.915589078802,PASS
2,nist::non_overlapping_template,0.882016385536,PASS
2,nist::non_overlapping_template,0.718923588036,PASS
2,nist::non_overlapping_template,0.411478831004,PASS
2,nist::non_overlapping_template,0.674228248443,PASS
2,nist::non_overlapping_template,0.591003220037,PASS
2,nist::non_overlapping_template,0.885489134920,PASS
2,nist::non_overlapping_template,0.703762006433,PASS
2,nist::non_overlapping_template,0.674854292347,PASS
2,nist::non_overlapping_template,0.844495405817,PASS
2,nist::non_overlapping_template,0.878182032307,PASS
2,nist::non_overlapping_template,0.784690067238,PASS
2,nist::non_overlapping_template,0.524222386164,PASS
2,nist::non_overlapping_template,0.059763377718,PASS
2,nist::non_overlapping_template,0.712020689050,PASS
2,nist::non_overlapping_template,0.245033753466,PASS
2,nist::non_overlapping_template,0.801023075470,PASS
2,nist::non_overlapping_template,0.568576509682,PASS
2,nist::non_overlapping_template,0.939063690357,PASS
2,nist::non_overlapping_template,0.271631574596,PASS
2,nist::non_overlapping_template,0.716474199624,PASS
2,nist::non_overlapping_template,0.997489994260,PASS
2,nist::non_overlapping_template,0.525749349457,PASS
2,nist::non_overlapping_template,0.496429344918,PASS
2,nist::non_overlapping_template,0.778830889351,PASS
2,nist::non_overlapping_template,0.576982019427,PASS
2,nist::non_overlapping_template,0.821550584011,PASS
2,nist::non_overlapping_template,0.682853350150,PASS
2,nist::non_overlapping_template,0.687887917924,PASS
2,nist::non_overlapping_template,0.202395889369,PASS
2,nist::non_overlapping_template,0.193950886636,PASS
2,nist::non_overlapping_template,0.928786691270,PASS
2,nist::non_overlapping_template,0.671392522398,PASS
2,nist::non_overlapping_template,0.926262391080,PASS
2,nist::non_overlapping_template,0.257703451246,PASS
2,nist::non_overlapping_template,0.325524191201,PASS
2,nist::serial_delta1,0.976005670874,PASS
2,nist::serial_delta2,0.908343730935,PASS
2,maurer::universal_l06,0.547894163197,PASS
2,maurer::universal_l07,0.115734319459,PASS
2,maurer::universal_l08,0.325444425853,PASS
2,maurer::universal_l09,0.055854752039,PASS
2,maurer::universal_l10,0.864325078858,PASS
2,maurer::universal_l11,0.713134756014,PASS
2,maurer::universal_l12,0.592429736251,PASS
2,maurer::universal_l13,0.555476497161,PASS
2,maurer::universal_l14,0.370687005373,PASS
2,maurer::universal_l15,0.624729658891,PASS
2,maurer::universal_l16,0.927046663208,PASS
2,nist::random_excursions,0.208472274286,PASS
2,nist::random_excursions,0.829963247070,PASS
2,nist::random_excursions,0.340367575183,PASS
2,nist::random_excursions,0.031151034332,PASS
2,nist::random_excursions,0.492747464629,PASS
2,nist::random_excursions,0.652121125242,PASS
2,nist::random_excursions,0.586169510499,PASS
2,nist::random_excursions,0.462417274332,PASS
2,nist::random_excursions_variant,0.856497319133,PASS
2,nist::random_excursions_variant,0.806964577589,PASS
2,nist::random_excursions_variant,0.656031191857,PASS
2,nist::random_excursions_variant,0.556560928252,PASS
2,nist::random_excursions_variant,0.653235105319,PASS
2,nist::random_excursions_variant,0.870846774145,PASS
2,nist::random_excursions_variant,0.938664662988,PASS
2,nist::random_excursions_variant,0.986790428979,PASS
2,nist::random_excursions_variant,0.908676746253,PASS
2,nist::random_excursions_variant,0.251349128003,PASS
2,nist::random_excursions_variant,0.497250101530,PASS
2,nist::random_excursions_variant,0.787684060001,PASS
2,nist::random_excursions_variant,0.656757851166,PASS
2,nist::random_excursions_variant,0.503413025210,PASS
2,nist::random_excursions_variant,0.659236185113,PASS
2,nist::random_excursions_variant,0.638883783422,PASS
2,nist::random_excursions_variant,0.514669697143,PASS
2,nist::random_excursions_variant,0.676450835547,PASS
3,nist::frequency,0.037161585124,PASS
3,nist::block_frequency,0.297510083804,PASS
3,nist::runs,0.102423265429,PASS
3,nist::longest_run,0.209346481975,PASS
3,nist::matrix_rank,0.316795862326,PASS
3,nist::spectral,0.083545313103,PASS
3,nist::overlapping_template,0.866109552754,PASS
3,nist::universal,0.000155630535,FAIL
3,nist::linear_complexity,0.990385492908,PASS
3,nist::approximate_entropy,0.056785281141,PASS
3,nist::cumulative_sums_forward,0.066322260843,PASS
3,nist::cumulative_sums_backward,0.061900012421,PASS
3,nist::non_overlapping_template,0.637266667318,PASS
3,nist::non_overlapping_template,0.546875703334,PASS
3,nist::non_overlapping_template,0.236159601605,PASS
3,nist::non_overlapping_template,0.250572790953,PASS
3,nist::non_overlapping_template,0.774371293561,PASS
3,nist::non_overlapping_template,0.787395057588,PASS
3,nist::non_overlapping_template,0.155057264419,PASS
3,nist::non_overlapping_template,0.082891432412,PASS
3,nist::non_overlapping_template,0.058309105145,PASS
3,nist::non_overlapping_template,0.427383477089,PASS
3,nist::non_overlapping_template,0.440561301450,PASS
3,nist::non_overlapping_template,0.719273236145,PASS
3,nist::non_overlapping_template,0.664684933539,PASS
3,nist::non_overlapping_template,0.033572244638,PASS
3,nist::non_overlapping_template,0.984680786314,PASS
3,nist::non_overlapping_template,0.898052394186,PASS
3,nist::non_overlapping_template,0.253942538472,PASS
3,nist::non_overlapping_template,0.906284521490,PASS
3,nist::non_overlapping_template,0.497508448068,PASS
3,nist::non_overlapping_template,0.010186176729,PASS
3,nist::non_overlapping_template,0.336270294093,PASS
3,nist::non_overlapping_template,0.891902558844,PASS
3,nist::non_overlapping_template,0.184587126319,PASS
3,nist::non_overlapping_template,0.606131584450,PASS
3,nist::non_overlapping_template,0.308849728213,PASS
3,nist::non_overlapping_template,0.128793580312,PASS
3,nist::non_overlapping_template,0.817358598899,PASS
3,nist::non_overlapping_template,0.192608498128,PASS
3,nist::non_overlapping_template,0.123557603902,PASS
3,nist::non_overlapping_template,0.038644281582,PASS
3,nist::non_overlapping_template,0.129262712280,PASS
3,nist::non_overlapping_template,0.913159587833,PASS
3,nist::non_overlapping_template,0.175209147313,PASS
3,nist::non_overlapping_template,0.808672277616,PASS
3,nist::non_overlapping_template,0.935784961150,PASS
3,nist::non_overlapping_template,0.345898147230,PASS
3,nist::non_overlapping_template,0.349525097283,PASS
3,nist::non_overlapping_template,0.558189664650,PASS
3,nist::non_overlapping_template,0.075534370300,PASS
3,nist::non_overlapping_template,0.661437211151,PASS
3,nist::non_overlapping_template,0.922506745940,PASS
3,nist::non_overlapping_template,0.631124561948,PASS
3,nist::non_overlapping_template,0.643225601335,PASS
3,nist::non_overlapping_template,0.184506032713,PASS
3,nist::non_overlapping_template,0.415593526150,PASS
3,nist::non_overlapping_template,0.664077343618,PASS
3,nist::non_overlapping_template,0.357032858530,PASS
3,nist::non_overlapping_template,0.138941588942,PASS
3,nist::non_overlapping_template,0.065952179772,PASS
3,nist::non_overlapping_template,0.454498371891,PASS
3,nist::non_overlapping_template,0.336227543930,PASS
3,nist::non_overlapping_template,0.348397499940,PASS
3,nist::non_overlapping_template,0.155032089221,PASS
3,nist::non_overlapping_template,0.724740613113,PASS
3,nist::non_overlapping_template,0.972812346958,PASS
3,nist::non_overlapping_template,0.042346683825,PASS
3,nist::non_overlapping_template,0.065656441589,PASS
3,nist::non_overlapping_template,0.182371622451,PASS
3,nist::non_overlapping_template,0.969938860992,PASS
3,nist::non_overlapping_template,0.265405489630,PASS
3,nist::non_overlapping_template,0.305816595697,PASS
3,nist::non_overlapping_template,0.345193341837,PASS
3,nist::non_overlapping_template,0.017165817554,PASS
3,nist::non_overlapping_template,0.851893145915,PASS
3,nist::non_overlapping_template,0.517872996022,PASS
3,nist::non_overlapping_template,0.452813317043,PASS
3,nist::non_overlapping_template,0.201384137441,PASS
3,nist::non_overlapping_template,0.689521478323,PASS
3,nist::non_overlapping_template,0.490236005616,PASS
3,nist::non_overlapping_template,0.564730203874,PASS
3,nist::non_overlapping_template,0.057709875601,PASS
3,nist::non_overlapping_template,0.367623925436,PASS
3,nist::non_overlapping_template,0.856043140446,PASS
3,nist::non_overlapping_template,0.632203074151,PASS
3,nist::non_overlapping_template,0.637266667318,PASS
3,nist::non_overlapping_template,0.097979868478,PASS
3,nist::non_overlapping_template,0.630330550409,PASS
3,nist::non_overlapping_template,0.683794986279,PASS
3,nist::non_overlapping_template,0.392443853666,PASS
3,nist::non_overlapping_template,0.243059245140,PASS
3,nist::non_overlapping_template,0.373999642628,PASS
3,nist::non_overlapping_template,0.819664961850,PASS
3,nist::non_overlapping_template,0.075871209197,PASS
3,nist::non_overlapping_template,0.626750012615,PASS
3,nist::non_overlapping_template,0.162734856089,PASS
3,nist::non_overlapping_template,0.922306017656,PASS
3,nist::non_overlapping_template,0.819478050943,PASS
3,nist::non_overlapping_template,0.327663724984,PASS
3,nist::non_overlapping_template,0.668189148565,PASS
3,nist::non_overlapping_template,0.878819893561,PASS
3,nist::non_overlapping_template,0.917991373044,PASS
3,nist::non_overlapping_template,0.134537423767,PASS
3,nist::non_overlapping_template,0.800030120742,PASS
3,nist::non_overlapping_template,0.709231420998,PASS
3,nist::non_overlapping_template,0.171710222897,PASS
3,nist::non_overlapping_template,0.536064820301,PASS
3,nist::non_overlapping_template,0.237840087398,PASS
3,nist::non_overlapping_template,0.589116049955,PASS
3,nist::non_overlapping_template,0.108050696996,PASS
3,nist::non_overlapping_template,0.784096324483,PASS
3,nist::non_overlapping_template,0.020011812234,PASS
3,nist::non_overlapping_template,0.520265191584,PASS
3,nist::non_overlapping_template,0.373650447655,PASS
3,nist::non_overlapping_template,0.554421738492,PASS
3,nist::non_overlapping_template,0.388508525708,PASS
3,nist::non_overlapping_template,0.283582265382,PASS
3,nist::non_overlapping_template,0.514176939362,PASS
3,nist::non_overlapping_template,0.046879438316,PASS
3,nist::non_overlapping_template,0.018306272751,PASS
3,nist::non_overlapping_template,0.693284591661,PASS
3,nist::non_overlapping_template,0.684958073927,PASS
3,nist::non_overlapping_template,0.486745171220,PASS
3,nist::non_overlapping_template,0.652585187298,PASS
3,nist::non_overlapping_template,0.586728528365,PASS
3,nist::non_overlapping_template,0.959841733241,PASS
3,nist::non_overlapping_template,0.844120059394,PASS
3,nist::non_overlapping_template,0.103463237876,PASS
3,nist::non_overlapping_template,0.458677156910,PASS
3,nist::non_overlapping_template,0.517010527290,PASS
3,nist::non_overlapping_template,0.393898562082,PASS
3,nist::non_overlapping_template,0.157807155368,PASS
3,nist::non_overlapping_template,0.381823089255,PASS
3,nist::non_overlapping_template,0.634044134543,PASS
3,nist::non_overlapping_template,0.125521825312,PASS
3,nist::non_overlapping_template,0.664452676802,PASS
3,nist::non_overlapping_template,0.922561199709,PASS
3,nist::non_overlapping_template,0.237386264641,PASS
3,nist::non_overlapping_template,0.501186092806,PASS
3,nist::non_overlapping_template,0.124345968432,PASS
3,nist::non_overlapping_template,0.254923037529,PASS
3,nist::non_overlapping_template,0.820240023074,PASS
3,nist::non_overlapping_template,0.650483159701,PASS
3,nist::non_overlapping_template,0.384499345872,PASS
3,nist::non_overlapping_template,0.855214547205,PASS
3,nist::non_overlapping_template,0.171975240128,PASS
3,nist::non_overlapping_template,0.635382710562,PASS
3,nist::non_overlapping_template,0.051027139581,PASS
3,nist::non_overlapping_template,0.762059529249,PASS
3,nist::non_overlapping_template,0.900468296329,PASS
3,nist::non_overlapping_template,0.054998681947,PASS
3,nist::non_overlapping_template,0.933196833967,PASS
3,nist::non_overlapping_template,0.814531720525,PASS
3,nist::non_overlapping_template,0.064693473211,PASS
3,nist::non_overlapping_template,0.915384718080,PASS
3,nist::non_overlapping_template,0.133520591027,PASS
3,nist::non_overlapping_template,0.814898665939,PASS
3,nist::non_overlapping_template,0.111213927502,PASS
3,nist::non_overlapping_template,0.632203074151,PASS
3,nist::serial_delta1,0.666711549354,PASS
3,nist::serial_delta2,0.310245010845,PASS
3,maurer::universal_l06,0.509327156899,PASS
3,maurer::universal_l07,0.406436192023,PASS
3,maurer::universal_l08,0.095648061377,PASS
3,maurer::universal_l09,0.362828923720,PASS
3,maurer::universal_l10,0.000155630535,FAIL
3,maurer::universal_l11,0.572800653773,PASS
3,maurer::universal_l12,0.778212958209,PASS
3,maurer::universal_l13,0.514874677480,PASS
3,maurer::universal_l14,0.190300901912,PASS
3,maurer::universal_l15,0.761866606876,PASS
3,maurer::universal_l16,0.927555318283,PASS
3,nist::random_excursions,0.144322606332,PASS
3,nist::random_excursions,0.021965628315,PASS
3,nist::random_excursions,0.008024586457,FAIL
3,nist::random_excursions,0.058629637312,PASS
3,nist::random_excursions,0.255181247815,PASS
3,nist::random_excursions,0.034892518674,PASS
3,nist::random_excursions,0.276136816299,PASS
3,nist::random_excursions,0.105470220872,PASS
3,nist::random_excursions_variant,0.269632842607,PASS
3,nist::random_excursions_variant,0.253414084787,PASS
3,nist::random_excursions_variant,0.331068547935,PASS
3,nist::random_excursions_variant,0.370485930300,PASS
3,nist::random_excursions_variant,0.358172079724,PASS
3,nist::random_excursions_variant,0.148257844832,PASS
3,nist::random_excursions_variant,0.014814828844,PASS
3,nist::random_excursions_variant,0.002718071742,FAIL
3,nist::random_excursions_variant,0.029286632475,PASS
3,nist::random_excursions_variant,0.578493878586,PASS
3,nist::random_excursions_variant,0.195179491526,PASS
3,nist::random_excursions_variant,0.100239096787,PASS
3,nist::random_excursions_variant,0.185315992379,PASS
3,nist::random_excursions_variant,0.144236777337,PASS
3,nist::random_excursions_variant,0.059056747833,PASS
3,nist::random_excursions_variant,0.030983413320,PASS
3,nist::random_excursions_variant,0.021720116949,PASS
3,nist::random_excursions_variant,0.039636264424,PASS
4,nist::frequency,0.725166440096,PASS
4,nist::block_frequency,0.136500937260,PASS
4,nist::runs,0.572798562951,PASS
4,nist::longest_run,0.101751293978,PASS
4,nist::matrix_rank,0.026685604149,PASS
4,nist::spectral,0.892005154188,PASS
4,nist::overlapping_template,0.438282327563,PASS
4,nist::universal,0.857236081920,PASS
4,nist::linear_complexity,0.699072545912,PASS
4,nist::approximate_entropy,0.502593664191,PASS
4,nist::cumulative_sums_forward,0.611013239174,PASS
4,nist::cumulative_sums_backward,0.919493059423,PASS
4,nist::non_overlapping_template,0.289281958197,PASS
4,nist::non_overlapping_template,0.741791834779,PASS
4,nist::non_overlapping_template,0.276541576045,PASS
4,nist::non_overlapping_template,0.262343819424,PASS
4,nist::non_overlapping_template,0.604266306730,PASS
4,nist::non_overlapping_template,0.900417148627,PASS
4,nist::non_overlapping_template,0.656513861215,PASS
4,nist::non_overlapping_template,0.033363895741,PASS
4,nist::non_overlapping_template,0.488879603196,PASS
4,nist::non_overlapping_template,0.349548052162,PASS
4,nist::non_overlapping_template,0.781607602451,PASS
4,nist::non_overlapping_template,0.646493691184,PASS
4,nist::non_overlapping_template,0.142446726994,PASS
4,nist::non_overlapping_template,0.196503952172,PASS
4,nist::non_overlapping_template,0.434159524874,PASS
4,nist::non_overlapping_template,0.010222510706,PASS
4,nist::non_overlapping_template,0.212491026948,PASS
4,nist::non_overlapping_template,0.181219053326,PASS
4,nist::non_overlapping_template,0.740489291375,PASS
4,nist::non_overlapping_template,0.976104029904,PASS
4,nist::non_overlapping_template,0.474852417801,PASS
4,nist::non_overlapping_template,0.588433937705,PASS
4,nist::non_overlapping_template,0.731038829261,PASS
4,nist::non_overlapping_template,0.101788400398,PASS
4,nist::non_overlapping_template,0.319256611841,PASS
4,nist::non_overlapping_template,0.530698126144,PASS
4,nist::non_overlapping_template,0.714094730948,PASS
4,nist::non_overlapping_template,0.539999461586,PASS
4,nist::non_overlapping_template,0.339497061554,PASS
4,nist::non_overlapping_template,0.787704990257,PASS
4,nist::non_overlapping_template,0.947543119944,PASS
4,nist::non_overlapping_template,0.541224425493,PASS
4,nist::non_overlapping_template,0.231861020018,PASS
4,nist::non_overlapping_template,0.435950762522,PASS
4,nist::non_overlapping_template,0.966153949233,PASS
4,nist::non_overlapping_template,0.254190880067,PASS
4,nist::non_overlapping_template,0.495996179463,PASS
4,nist::non_overlapping_template,0.373563710300,PASS
4,nist::non_overlapping_template,0.258465594700,PASS
4,nist::non_overlapping_template,0.864538252161,PASS
4,nist::non_overlapping_template,0.518309907570,PASS
4,nist::non_overlapping_template,0.629583412397,PASS
4,nist::non_overlapping_template,0.338117343656,PASS
4,nist::non_overlapping_template,0.027616030086,PASS
4,nist::non_overlapping_template,0.545357006879,PASS
4,nist::non_overlapping_template,0.434075431592,PASS
4,nist::non_overlapping_template,0.573038071232,PASS
4,nist::non_overlapping_template,0.578112100276,PASS
4,nist::non_overlapping_template,0.615420502704,PASS
4,nist::non_overlapping_template,0.339385193277,PASS
4,nist::non_overlapping_template,0.791946269200,PASS
4,nist::non_overlapping_template,0.347242090963,PASS
4,nist::non_overlapping_template,0.367933879924,PASS
4,nist::non_overlapping_template,0.709322101424,PASS
4,nist::non_overlapping_template,0.959731945534,PASS
4,nist::non_overlapping_template,0.680648004795,PASS
4,nist::non_overlapping_template,0.800687720125,PASS
4,nist::non_overlapping_template,0.443176435236,PASS
4,nist::non_overlapping_template,0.310097309761,PASS
4,nist::non_overlapping_template,0.828642035098,PASS
4,nist::non_overlapping_template,0.786314200989,PASS
4,nist::non_overlapping_template,0.980020581132,PASS
4,nist::non_overlapping_template,0.834683862995,PASS
4,nist::non_overlapping_template,0.314187653481,PASS
4,nist::non_overlapping_template,0.425100985746,PASS
4,nist::non_overlapping_template,0.087312203300,PASS
4,nist::non_overlapping_template,0.270500940243,PASS
4,nist::non_overlapping_template,0.155172754900,PASS
4,nist::non_overlapping_template,0.595947850264,PASS
4,nist::non_overlapping_template,0.420222725351,PASS
4,nist::non_overlapping_template,0.210850109927,PASS
4,nist::non_overlapping_template,0.823223120164,PASS
4,nist::non_overlapping_template,0.526689339970,PASS
4,nist::non_overlapping_template,0.271756854464,PASS
4,nist::non_overlapping_template,0.289281958197,PASS
4,nist::non_overlapping_template,0.805532237104,PASS
4,nist::non_overlapping_template,0.319486356634,PASS
4,nist::non_overlapping_template,0.338318740993,PASS
4,nist::non_overlapping_template,0.875873042978,PASS
4,nist::non_overlapping_template,0.356499727115,PASS
4,nist::non_overlapping_template,0.764130065804,PASS
4,nist::non_overlapping_template,0.999291646417,PASS
4,nist::non_overlapping_template,0.360828420036,PASS
4,nist::non_overlapping_template,0.327373716485,PASS
4,nist::non_overlapping_template,0.960661933575,PASS
4,nist::non_overlapping_template,0.473108689512,PASS
4,nist::non_overlapping_template,0.177190887854,PASS
4,nist::non_overlapping_template,0.501439701459,PASS
4,nist::non_overlapping_template,0.075789514634,PASS
4,nist::non_overlapping_template,0.450510278327,PASS
4,nist::non_overlapping_template,0.864841266326,PASS
4,nist::non_overlapping_template,0.290197548168,PASS
4,nist::non_overlapping_template,0.902621681805,PASS
4,nist::non_overlapping_template,0.690982125376,PASS
4,nist::non_overlapping_template,0.850508576387,PASS
4,nist::non_overlapping_template,0.970005621466,PASS
4,nist::non_overlapping_template,0.569306732627,PASS
4,nist::non_overlapping_template,0.389661645856,PASS
4,nist::non_overlapping_template,0.739080116942,PASS
4,nist::non_overlapping_template,0.781001693476,PASS
4,nist::non_overlapping_template,0.793188130738,PASS
4,nist::non_overlapping_template,0.125474102696,PASS
4,nist::non_overlapping_template,0.089226588248,PASS
4,nist::non_overlapping_template,0.478450591358,PASS
4,nist::non_overlapping_template,0.901571668221,PASS
4,nist::non_overlapping_template,0.856136677260,PASS
4,nist::non_overlapping_template,0.901672185044,PASS
4,nist::non_overlapping_template,0.453308303443,PASS
4,nist::non_overlapping_template,0.323037271878,PASS
4,nist::non_overlapping_template,0.563761122708,PASS
4,nist::non_overlapping_template,0.308510832060,PASS
4,nist::non_overlapping_template,0.099053138011,PASS
4,nist::non_overlapping_template,0.009150081381,FAIL
4,nist::non_overlapping_template,0.287201246296,PASS
4,nist::non_overlapping_template,0.046461364233,PASS
4,nist::non_overlapping_template,0.747845805906,PASS
4,nist::non_overlapping_template,0.222929498308,PASS
4,nist::non_overlapping_template,0.932325779287,PASS
4,nist::non_overlapping_template,0.997361404999,PASS
4,nist::non_overlapping_template,0.916246110025,PASS
4,nist::non_overlapping_template,0.442875311756,PASS
4,nist::non_overlapping_template,0.984232024807,PASS
4,nist::non_overlapping_template,0.698394854172,PASS
4,nist::non_overlapping_template,0.051910991052,PASS
4,nist::non_overlapping_template,0.498114090272,PASS
4,nist::non_overlapping_template,0.363878133368,PASS
4,nist::non_overlapping_template,0.451765071652,PASS
4,nist::non_overlapping_template,0.728508568110,PASS
4,nist::non_overlapping_template,0.590991842507,PASS
4,nist::non_overlapping_template,0.374344103287,PASS
4,nist::non_overlapping_template,0.078516537314,PASS
4,nist::non_overlapping_template,0.113013427834,PASS
4,nist::non_overlapping_template,0.218132852664,PASS
4,nist::non_overlapping_template,0.278090437153,PASS
4,nist::non_overlapping_template,0.312420710485,PASS
4,nist::non_overlapping_template,0.918345995259,PASS
4,nist::non_overlapping_template,0.058769076408,PASS
4,nist::non_overlapping_template,0.982344875305,PASS
4,nist::non_overlapping_template,0.609530401726,PASS
4,nist::non_overlapping_template,0.364294953495,PASS
4,nist::non_overlapping_template,0.404539934514,PASS
4,nist::non_overlapping_template,0.668676374230,PASS
4,nist::non_overlapping_template,0.175760064408,PASS
4,nist::non_overlapping_template,0.711504244009,PASS
4,nist::non_overlapping_template,0.842516259393,PASS
4,nist::non_overlapping_template,0.458569110278,PASS
4,nist::non_overlapping_template,0.739160632000,PASS
4,nist::non_overlapping_template,0.271756854464,PASS
4,nist::serial_delta1,0.994991889223,PASS
4,nist::serial_delta2,0.999642362261,PASS
4,maurer::universal_l06,0.889953491837,PASS
4,maurer::universal_l07,0.727147975829,PASS
4,maurer::universal_l08,0.263362849673,PASS
4,maurer::universal_l09,0.454596513866,PASS
4,maurer::universal_l10,0.857236081920,PASS
4,maurer::universal_l11,0.764215829002,PASS
4,maurer::universal_l12,0.325421716002,PASS
4,maurer::universal_l13,0.101194892558,PASS
4,maurer::universal_l14,0.923434004362,PASS
4,maurer::universal_l15,0.759219886365,PASS
4,maurer::universal_l16,0.877044852645,PASS
4,nist::random_excursions,0.816879490864,PASS
4,nist::random_excursions,0.901728440877,PASS
4,nist::random_excursions,0.202683384994,PASS
4,nist::random_excursions,0.550907347433,PASS
4,nist::random_excursions,0.888925841893,PASS
4,nist::random_excursions,0.843236256143,PASS
4,nist::random_excursions,0.373630484783,PASS
4,nist::random_excursions,0.137400811294,PASS
4,nist::random_excursions_variant,0.183581469635,PASS
4,nist::random_excursions_variant,0.120950524544,PASS
4,nist::random_excursions_variant,0.102201600207,PASS
4,nist::random_excursions_variant,0.155624728319,PASS
4,nist::random_excursions_variant,0.169867140792,PASS
4,nist::random_excursions_variant,0.294142829773,PASS
4,nist::random_excursions_variant,0.691512020851,PASS
4,nist::random_excursions_variant,0.823303728509,PASS
4,nist::random_excursions_variant,0.509399586468,PASS
4,nist::random_excursions_variant,0.837762019220,PASS
4,nist::random_excursions_variant,0.937182972792,PASS
4,nist::random_excursions_variant,0.699030512469,PASS
4,nist::random_excursions_variant,0.642400269156,PASS
4,nist::random_excursions_variant,0.755855860340,PASS
4,nist::random_excursions_variant,0.721316246623,PASS
4,nist::random_excursions_variant,0.445164108429,PASS
4,nist::random_excursions_variant,0.397614755459,PASS
4,nist::random_excursions_variant,0.423657436223,PASS
5,nist::frequency,0.326373207738,PASS
5,nist::block_frequency,0.959729163772,PASS
5,nist::runs,0.279785382095,PASS
5,nist::longest_run,0.438741657606,PASS
5,nist::matrix_rank,0.027694578328,PASS
5,nist::spectral,0.839151429974,PASS
5,nist::overlapping_template,0.011200850914,PASS
5,nist::universal,0.778806592396,PASS
5,nist::linear_complexity,0.014985677503,PASS
5,nist::approximate_entropy,0.560149178882,PASS
5,nist::cumulative_sums_forward,0.451278057067,PASS
5,nist::cumulative_sums_backward,0.291269879124,PASS
5,nist::non_overlapping_template,0.053381630204,PASS
5,nist::non_overlapping_template,0.038344350507,PASS
5,nist::non_overlapping_template,0.768117021485,PASS
5,nist::non_overlapping_template,0.325326137670,PASS
5,nist::non_overlapping_template,0.931335856849,PASS
5,nist::non_overlapping_template,0.684701204765,PASS
5,nist::non_overlapping_template,0.526242934066,PASS
5,nist::non_overlapping_template,0.797674752593,PASS
5,nist::non_overlapping_template,0.633866552527,PASS
5,nist::non_overlapping_template,0.213489366480,PASS
5,nist::non_overlapping_template,0.248725865770,PASS
5,nist::non_overlapping_template,0.849653229123,PASS
5,nist::non_overlapping_template,0.576946332421,PASS
5,nist::non_overlapping_template,0.615559721937,PASS
5,nist::non_overlapping_template,0.998258475296,PASS
5,nist::non_overlapping_template,0.927543449954,PASS
5,nist::non_overlapping_template,0.388181205622,PASS
5,nist::non_overlapping_template,0.529086133695,PASS
5,nist::non_overlapping_template,0.661184554979,PASS
5,nist::non_overlapping_template,0.755676652433,PASS
5,nist::non_overlapping_template,0.165199118567,PASS
5,nist::non_overlapping_template,0.791370383199,PASS
5,nist::non_overlapping_template,0.567166222894,PASS
5,nist::non_overlapping_template,0.366426187481,PASS
5,nist::non_overlapping_template,0.704794900398,PASS
5,nist::non_overlapping_template,0.068478254779,PASS
5,nist::non_overlapping_template,0.960863142791,PASS
5,nist::non_overlapping_template,0.035920037988,PASS
5,nist::non_overlapping_template,0.416030182348,PASS
5,nist::non_overlapping_template,0.232527835934,PASS
5,nist::non_overlapping_template,0.956657636912,PASS
5,nist::non_overlapping_template,0.979495612591,PASS
5,nist::non_overlapping_template,0.327414397371,PASS
5,nist::non_overlapping_template,0.618125386744,PASS
5,nist::non_overlapping_template,0.634174893185,PASS
5,nist::non_overlapping_template,0.955490702479,PASS
5,nist::non_overlapping_template,0.325192434628,PASS
5,nist::non_overlapping_template,0.731501324963,PASS
5,nist::non_overlapping_template,0.941401651050,PASS
5,nist::non_overlapping_template,0.045371832902,PASS
5,nist::non_overlapping_template,0.894414141529,PASS
5,nist::non_overlapping_template,0.791778417269,PASS
5,nist::non_overlapping_template,0.406562244641,PASS
5,nist::non_overlapping_template,0.174085057536,PASS
5,nist::non_overlapping_template,0.298504166959,PASS
5,nist::non_overlapping_template,0.117754500665,PASS
5,nist::non_overlapping_template,0.068595276001,PASS
5,nist::non_overlapping_template,0.468766722482,PASS
5,nist::non_overlapping_template,0.782955084900,PASS
5,nist::non_overlapping_template,0.938441548708,PASS
5,nist::non_overlapping_template,0.959884466291,PASS
5,nist::non_overlapping_template,0.586167579427,PASS
5,nist::non_overlapping_template,0.584593715567,PASS
5,nist::non_overlapping_template,0.810385240584,PASS
5,nist::non_overlapping_template,0.534963043903,PASS
5,nist::non_overlapping_template,0.000933088113,FAIL
5,nist::non_overlapping_template,0.366325213579,PASS
5,nist::non_overlapping_template,0.924321252467,PASS
5,nist::non_overlapping_template,0.753304079637,PASS
5,nist::non_overlapping_template,0.601495629698,PASS
5,nist::non_overlapping_template,0.736014467807,PASS
5,nist::non_overlapping_template,0.340971554979,PASS
5,nist::non_overlapping_template,0.830051985901,PASS
5,nist::non_overlapping_template,0.835071921176,PASS
5,nist::non_overlapping_template,0.393795794288,PASS
5,nist::non_overlapping_template,0.603637139500,PASS
5,nist::non_overlapping_template,0.118185436242,PASS
5,nist::non_overlapping_template,0.952532811959,PASS
5,nist::non_overlapping_template,0.635401266091,PASS
5,nist::non_overlapping_template,0.695604590250,PASS
5,nist::non_overlapping_template,0.218358163137,PASS
5,nist::non_overlapping_template,0.615281287397,PASS
5,nist::non_overlapping_template,0.320463111133,PASS
5,nist::non_overlapping_template,0.348512036732,PASS
5,nist::non_overlapping_template,0.053381630204,PASS
5,nist::non_overlapping_template,0.072377295855,PASS
5,nist::non_overlapping_template,0.609728401436,PASS
5,nist::non_overlapping_template,0.493625424518,PASS
5,nist::non_overlapping_template,0.361824249218,PASS
5,nist::non_overlapping_template,0.645171231406,PASS
5,nist::non_overlapping_template,0.220531629348,PASS
5,nist::non_overlapping_template,0.529575810458,PASS
5,nist::non_overlapping_template,0.741405396934,PASS
5,nist::non_overlapping_template,0.425262647363,PASS
5,nist::non_overlapping_template,0.085774021063,PASS
5,nist::non_overlapping_template,0.290550261979,PASS
5,nist::non_overlapping_template,0.975909124930,PASS
5,nist::non_overlapping_template,0.592420510717,PASS
5,nist::non_overlapping_template,0.600648345374,PASS
5,nist::non_overlapping_template,0.043524215713,PASS
5,nist::non_overlapping_template,0.561248935062,PASS
5,nist::non_overlapping_template,0.419598086264,PASS
5,nist::non_overlapping_template,0.831087994357,PASS
5,nist::non_overlapping_template,0.944558442099,PASS
5,nist::non_overlapping_template,0.246990195677,PASS
5,nist::non_overlapping_template,0.932936184115,PASS
5,nist::non_overlapping_template,0.026459810030,PASS
5,nist::non_overlapping_template,0.819626188978,PASS
5,nist::non_overlapping_template,0.881595315678,PASS
5,nist::non_overlapping_template,0.018299792560,PASS
5,nist::non_overlapping_template,0.924985287357,PASS
5,nist::non_overlapping_template,0.364570460805,PASS
5,nist::non_overlapping_template,0.691487883285,PASS
5,nist::non_overlapping_template,0.408276169038,PASS
5,nist::non_overlapping_template,0.612858001271,PASS
5,nist::non_overlapping_template,0.925317516247,PASS
5,nist::non_overlapping_template,0.122201369401,PASS
5,nist::non_overlapping_template,0.507842797841,PASS
5,nist::non_overlapping_template,0.236022767210,PASS
5,nist::non_overlapping_template,0.835266578563,PASS
5,nist::non_overlapping_template,0.510102513076,PASS
5,nist::non_overlapping_template,0.800035730321,PASS
5,nist::non_overlapping_template,0.114927834565,PASS
5,nist::non_overlapping_template,0.185614761590,PASS
5,nist::non_overlapping_template,0.525967383959,PASS
5,nist::non_overlapping_template,0.007234361967,FAIL
5,nist::non_overlapping_template,0.932701599015,PASS
5,nist::non_overlapping_template,0.226910344918,PASS
5,nist::non_overlapping_template,0.228100180695,PASS
5,nist::non_overlapping_template,0.959164403766,PASS
5,nist::non_overlapping_template,0.604594992585,PASS
5,nist::non_overlapping_template,0.919428933717,PASS
5,nist::non_overlapping_template,0.016430576951,PASS
5,nist::non_overlapping_template,0.444718882859,PASS
5,nist::non_overlapping_template,0.884276868110,PASS
5,nist::non_overlapping_template,0.600862561343,PASS
5,nist::non_overlapping_template,0.682200233873,PASS
5,nist::non_overlapping_template,0.736200743052,PASS
5,nist::non_overlapping_template,0.447271969321,PASS
5,nist::non_overlapping_template,0.321910781017,PASS
5,nist::non_overlapping_template,0.851444466064,PASS
5,nist::non_overlapping_template,0.000402696584,FAIL
5,nist::non_overlapping_template,0.480166376268,PASS
5,nist::non_overlapping_template,0.108850119594,PASS
5,nist::non_overlapping_template,0.181494940124,PASS
5,nist::non_overlapping_template,0.911111868593,PASS
5,nist::non_overlapping_template,0.538988632243,PASS
5,nist::non_overlapping_template,0.074490673865,PASS
5,nist::non_overlapping_template,0.829543413989,PASS
5,nist::non_overlapping_template,0.421516096907,PASS
5,nist::non_overlapping_template,0.657508045798,PASS
5,nist::non_overlapping_template,0.464244730321,PASS
5,nist::non_overlapping_template,0.231536410400,PASS
5,nist::non_overlapping_template,0.718323911965,PASS
5,nist::non_overlapping_template,0.242542317917,PASS
5,nist::non_overlapping_template,0.492137349768,PASS
5,nist::non_overlapping_template,0.492645485954,PASS
5,nist::non_overlapping_template,0.348512036732,PASS
5,nist::serial_delta1,0.991160582177,PASS
5,nist::serial_delta2,0.965870572336,PASS
5,maurer::universal_l06,0.036267144978,PASS
5,maurer::universal_l07,0.909690701440,PASS
5,maurer::universal_l08,0.139544154932,PASS
5,maurer::universal_l09,0.512635220518,PASS
5,maurer::universal_l10,0.778806592396,PASS
5,maurer::universal_l11,0.441399078014,PASS
5,maurer::universal_l12,0.602301053196,PASS
5,maurer::universal_l13,0.618915735362,PASS
5,maurer::universal_l14,0.328320724383,PASS
5,maurer::universal_l15,0.527568941086,PASS
5,maurer::universal_l16,0.789788280905,PASS
5,nist::random_excursions,0.519911277151,PASS
5,nist::random_excursions,0.813804132488,PASS
5,nist::random_excursions,0.304671498583,PASS
5,nist::random_excursions,0.624988437292,PASS
5,nist::random_excursions,0.275458703590,PASS
5,nist::random_excursions,0.588956637937,PASS
5,nist::random_excursions,0.390317081307,PASS
5,nist::random_excursions,0.654872958019,PASS
5,nist::random_excursions_variant,0.193007377759,PASS
5,nist::random_excursions_variant,0.129861887418,PASS
5,nist::random_excursions_variant,0.257710034561,PASS
5,nist::random_excursions_variant,0.497305004086,PASS
5,nist::random_excursions_variant,0.520110378702,PASS
5,nist::random_excursions_variant,0.489207291905,PASS
5,nist::random_excursions_variant,0.695220036769,PASS
5,nist::random_excursions_variant,0.719944779653,PASS
5,nist::random_excursions_variant,0.512941415795,PASS
5,nist::random_excursions_variant,0.824481703430,PASS
5,nist::random_excursions_variant,0.837669266895,PASS
5,nist::random_excursions_variant,0.823406098497,PASS
5,nist::random_excursions_variant,0.753255244674,PASS
5,nist::random_excursions_variant,0.589420629260,PASS
5,nist::random_excursions_variant,0.666239262487,PASS
5,nist::random_excursions_variant,0.666771035793,PASS
5,nist::random_excursions_variant,0.688529337685,PASS
5,nist::random_excursions_variant,0.694561927357,PASS
6,nist::frequency,0.176984669415,PASS
6,nist::block_frequency,0.118836168524,PASS
6,nist::runs,0.302672838066,PASS
6,nist::longest_run,0.595718590120,PASS
6,nist::matrix_rank,0.721661119742,PASS
6,nist::spectral,0.579086114363,PASS
6,nist::overlapping_template,0.729528350440,PASS
6,nist::universal,0.285147938775,PASS
6,nist::linear_complexity,0.594212538397,PASS
6,nist::approximate_entropy,0.024171337944,PASS
6,nist::cumulative_sums_forward,0.237601716134,PASS
6,nist::cumulative_sums_backward,0.280615798466,PASS
6,nist::non_overlapping_template,0.011842855075,PASS
6,nist::non_overlapping_template,0.786479203803,PASS
6,nist::non_overlapping_template,0.988698616434,PASS
6,nist::non_overlapping_template,0.133550990097,PASS
6,nist::non_overlapping_template,0.136445188752,PASS
6,nist::non_overlapping_template,0.379973437469,PASS
6,nist::non_overlapping_template,0.572861690775,PASS
6,nist::non_overlapping_template,0.755990920917,PASS
6,nist::non_overlapping_template,0.183763417657,PASS
6,nist::non_overlapping_template,0.085501540172,PASS
6,nist::non_overlapping_template,0.926216633976,PASS
6,nist::non_overlapping_template,0.021187882283,PASS
6,nist::non_overlapping_template,0.243504339556,PASS
6,nist::non_overlapping_template,0.504947806174,PASS
6,nist::non_overlapping_template,0.329391299335,PASS
6,nist::non_overlapping_template,0.746220711414,PASS
6,nist::non_overlapping_template,0.539955943967,PASS
6,nist::non_overlapping_template,0.922152057439,PASS
6,nist::non_overlapping_template,0.886397867119,PASS
6,nist::non_overlapping_template,0.723276718720,PASS
6,nist::non_overlapping_template,0.774737594729,PASS
6,nist::non_overlapping_template,0.066463972108,PASS
6,nist::non_overlapping_template,0.589306721635,PASS
6,nist::non_overlapping_template,0.751725509944,PASS
6,nist::non_overlapping_template,0.534712173777,PASS
6,nist::non_overlapping_template,0.809302774464,PASS
6,nist::non_overlapping_template,0.659013771339,PASS
6,nist::non_overlapping_template,0.414619541133,PASS
6,nist::non_overlapping_template,0.700139935005,PASS
6,nist::non_overlapping_template,0.688840558107,PASS
6,nist::non_overlapping_template,0.773909470121,PASS
6,nist::non_overlapping_template,0.672540214198,PASS
6,nist::non_overlapping_template,0.666364403374,PASS
6,nist::non_overlapping_template,0.831116803621,PASS
6,nist::non_overlapping_template,0.426009640625,PASS
6,nist::non_overlapping_template,0.600658002363,PASS
6,nist::non_overlapping_template,0.978109677715,PASS
6,nist::non_overlapping_template,0.386558699420,PASS
6,nist::non_overlapping_template,0.824236521106,PASS
6,nist::non_overlapping_template,0.631552949483,PASS
6,nist::non_overlapping_template,0.241458410983,PASS
6,nist::non_overlapping_template,0.950202839152,PASS
6,nist::non_overlapping_template,0.686208737253,PASS
6,nist::non_overlapping_template,0.489129596552,PASS
6,nist::non_overlapping_template,0.794206416181,PASS
6,nist::non_overlapping_template,0.309782283605,PASS
6,nist::non_overlapping_template,0.796643810121,PASS
6,nist::non_overlapping_template,0.208523978646,PASS
6,nist::non_overlapping_template,0.338822260980,PASS
6,nist::non_overlapping_template,0.601290155170,PASS
6,nist::non_overlapping_template,0.823032067763,PASS
6,nist::non_overlapping_template,0.910779221255,PASS
6,nist::non_overlapping_template,0.316274179959,PASS
6,nist::non_overlapping_template,0.288922103103,PASS
6,nist::non_overlapping_template,0.150870386302,PASS
6,nist::non_overlapping_template,0.690147801241,PASS
6,nist::non_overlapping_template,0.310411941692,PASS
6,nist::non_overlapping_template,0.498644809939,PASS
6,nist::non_overlapping_template,0.006443936320,FAIL
6,nist::non_overlapping_template,0.714059934652,PASS
6,nist::non_overlapping_template,0.503066268045,PASS
6,nist::non_overlapping_template,0.557867972046,PASS
6,nist::non_overlapping_template,0.156761319737,PASS
6,nist::non_overlapping_template,0.496726469571,PASS
6,nist::non_overlapping_template,0.548298013372,PASS
6,nist::non_overlapping_template,0.943871754789,PASS
6,nist::non_overlapping_template,0.819143621591,PASS
6,nist::non_overlapping_template,0.821158682814,PASS
6,nist::non_overlapping_template,0.550409259942,PASS
6,nist::non_overlapping_template,0.737270703273,PASS
6,nist::non_overlapping_template,0.922592461493,PASS
6,nist::non_overlapping_template,0.463543125325,PASS
6,nist::non_overlapping_template,0.874792559667,PASS
6,nist::non_overlapping_template,0.119075801374,PASS
6,nist::non_overlapping_template,0.011842855075,PASS
6,nist::non_overlapping_template,0.903091802294,PASS
6,nist::non_overlapping_template,0.046029294723,PASS
6,nist::non_overlapping_template,0.200287990418,PASS
6,nist::non_overlapping_template,0.830797530374,PASS
6,nist::non_overlapping_template,0.738525804001,PASS
6,nist::non_overlapping_template,0.340838779223,PASS
6,nist::non_overlapping_template,0.987076204587,PASS
6,nist::non_overlapping_template,0.634844611981,PASS
6,nist::non_overlapping_template,0.335150809531,PASS
6,nist::non_overlapping_template,0.322243394453,PASS
6,nist::non_overlapping_template,0.314983885099,PASS
6,nist::non_overlapping_template,0.140049115013,PASS
6,nist::non_overlapping_template,0.373228869722,PASS
6,nist::non_overlapping_template,0.179045486059,PASS
6,nist::non_overlapping_template,0.344230157167,PASS
6,nist::non_overlapping_template,0.977948768652,PASS
6,nist::non_overlapping_template,0.029067047591,PASS
6,nist::non_overlapping_template,0.551286280527,PASS
6,nist::non_overlapping_template,0.197078555773,PASS
6,nist::non_overlapping_template,0.927458993543,PASS
6,nist::non_overlapping_template,0.739416706547,PASS
6,nist::non_overlapping_template,0.454269082181,PASS
6,nist::non_overlapping_template,0.863016239284,PASS
6,nist::non_overlapping_template,0.066655666560,PASS
6,nist::non_overlapping_template,0.082013799089,PASS
6,nist::non_overlapping_template,0.458832099517,PASS
6,nist::non_overlapping_template,0.650083602599,PASS
6,nist::non_overlapping_template,0.906712526871,PASS
6,nist::non_overlapping_template,0.598025304246,PASS
6,nist::non_overlapping_template,0.469483520606,PASS
6,nist::non_overlapping_template,0.995704523969,PASS
6,nist::non_overlapping_template,0.275692244517,PASS
6,nist::non_overlapping_template,0.332307161604,PASS
6,nist::non_overlapping_template,0.778849854984,PASS
6,nist::non_overlapping_template,0.677572719400,PASS
6,nist::non_overlapping_template,0.558351825782,PASS
6,nist::non_overlapping_template,0.206373331769,PASS
6,nist::non_overlapping_template,0.159643860028,PASS
6,nist::non_overlapping_template,0.387218302822,PASS
6,nist::non_overlapping_template,0.041360290556,PASS
6,nist::non_overlapping_template,0.834869660458,PASS
6,nist::non_overlapping_template,0.234982828683,PASS
6,nist::non_overlapping_template,0.980262831817,PASS
6,nist::non_overlapping_template,0.743341561192,PASS
6,nist::non_overlapping_template,0.226446475017,PASS
6,nist::non_overlapping_template,0.150156996590,PASS
6,nist::non_overlapping_template,0.613989770958,PASS
6,nist::non_overlapping_template,0.889577006011,PASS
6,nist::non_overlapping_template,0.979549854695,PASS
6,nist::non_overlapping_template,0.091554856942,PASS
6,nist::non_overlapping_template,0.710944979958,PASS
6,nist::non_overlapping_template,0.154843025984,PASS
6,nist::non_overlapping_template,0.990755628420,PASS
6,nist::non_overlapping_template,0.487863021778,PASS
6,nist::non_overlapping_template,0.238934373181,PASS
6,nist::non_overlapping_template,0.585420705837,PASS
6,nist::non_overlapping_template,0.372407034312,PASS
6,nist::non_overlapping_template,0.108690085935,PASS
6,nist::non_overlapping_template,0.608533506208,PASS
6,nist::non_overlapping_template,0.956789460982,PASS
6,nist::non_overlapping_template,0.926005543843,PASS
6,nist::non_overlapping_template,0.724105722813,PASS
6,nist::non_overlapping_template,0.409348049903,PASS
6,nist::non_overlapping_template,0.135853402701,PASS
6,nist::non_overlapping_template,0.004061094493,FAIL
6,nist::non_overlapping_template,0.307918556548,PASS
6,nist::non_overlapping_template,0.316486647991,PASS
6,nist::non_overlapping_template,0.946067586800,PASS
6,nist::non_overlapping_template,0.717540829359,PASS
6,nist::non_overlapping_template,0.358461685886,PASS
6,nist::non_overlapping_template,0.383255418784,PASS
6,nist::non_overlapping_template,0.200258203745,PASS
6,nist::non_overlapping_template,0.119075801374,PASS
6,nist::serial_delta1,0.999303471237,PASS
6,nist::serial_delta2,0.936853713832,PASS
6,maurer::universal_l06,0.088951787919,PASS
6,maurer::universal_l07,0.719375737931,PASS
6,maurer::universal_l08,0.497428448724,PASS
6,maurer::universal_l09,0.701263042875,PASS
6,maurer::universal_l10,0.285147938775,PASS
6,maurer::universal_l11,0.601917468082,PASS
6,maurer::universal_l12,0.693461996269,PASS
6,maurer::universal_l13,0.162666927466,PASS
6,maurer::universal_l14,0.213797623764,PASS
6,maurer::universal_l15,0.627396176746,PASS
6,maurer::universal_l16,0.048123515982,PASS
6,nist::random_excursions,0.791267141191,PASS
6,nist::random_excursions,0.537523947735,PASS
6,nist::random_excursions,0.859768484143,PASS
6,nist::random_excursions,0.902077458445,PASS
6,nist::random_excursions,0.544489527950,PASS
6,nist::random_excursions,0.131814199685,PASS
6,nist::random_excursions,0.662312801802,PASS
6,nist::random_excursions,0.704511072766,PASS
6,nist::random_excursions_variant,0.168502734467,PASS
6,nist::random_excursions_variant,0.187968064278,PASS
6,nist::random_excursions_variant,0.247375992174,PASS
6,nist::random_excursions_variant,0.218704945628,PASS
6,nist::random_excursions_variant,0.215708456635,PASS
6,nist::random_excursions_variant,0.330905036507,PASS
6,nist::random_excursions_variant,0.526682673718,PASS
6,nist::random_excursions_variant,0.555990271513,PASS
6,nist::random_excursions_variant,0.437572000665,PASS
6,nist::random_excursions_variant,0.522624057647,PASS
6,nist::random_excursions_variant,0.950947352370,PASS
6,nist::random_excursions_variant,0.859516697403,PASS
6,nist::random_excursions_variant,0.795716760263,PASS
6,nist::random_excursions_variant,0.391178869400,PASS
6,nist::random_excursions_variant,0.270690510586,PASS
6,nist::random_excursions_variant,0.410376103261,PASS
6,nist::random_excursions_variant,0.668366616783,PASS
6,nist::random_excursions_variant,0.692828476540,PASS
7,nist::frequency,0.619828250204,PASS
7,nist::block_frequency,0.278630470997,PASS
7,nist::runs,0.103759809162,PASS
7,nist::longest_run,0.676591755549,PASS
7,nist::matrix_rank,0.894238940928,PASS
7,nist::spectral,0.579086114363,PASS
7,nist::overlapping_template,0.896008042084,PASS
7,nist::universal,0.426795773146,PASS
7,nist::linear_complexity,0.034091999225,PASS
7,nist::approximate_entropy,0.410655178055,PASS
7,nist::cumulative_sums_forward,0.670290716198,PASS
7,nist::cumulative_sums_backward,0.947871678407,PASS
7,nist::non_overlapping_template,0.426167680178,PASS
7,nist::non_overlapping_template,0.796390062054,PASS
7,nist::non_overlapping_template,0.605131146592,PASS
7,nist::non_overlapping_template,0.394628612323,PASS
7,nist::non_overlapping_template,0.522999850959,PASS
7,nist::non_overlapping_template,0.784721993766,PASS
7,nist::non_overlapping_template,0.304301607182,PASS
7,nist::non_overlapping_template,0.602230695074,PASS
7,nist::non_overlapping_template,0.930020425962,PASS
7,nist::non_overlapping_template,0.109207494702,PASS
7,nist::non_overlapping_template,0.902291780771,PASS
7,nist::non_overlapping_template,0.777590595992,PASS
7,nist::non_overlapping_template,0.964016388999,PASS
7,nist::non_overlapping_template,0.161276057430,PASS
7,nist::non_overlapping_template,0.885232713649,PASS
7,nist::non_overlapping_template,0.690550938503,PASS
7,nist::non_overlapping_template,0.153678816996,PASS
7,nist::non_overlapping_template,0.038265056655,PASS
7,nist::non_overlapping_template,0.672824234933,PASS
7,nist::non_overlapping_template,0.005022738725,FAIL
7,nist::non_overlapping_template,0.451389937930,PASS
7,nist::non_overlapping_template,0.562167503518,PASS
7,nist::non_overlapping_template,0.821597716271,PASS
7,nist::non_overlapping_template,0.643209690123,PASS
7,nist::non_overlapping_template,0.989998080575,PASS
7,nist::non_overlapping_template,0.230333981211,PASS
7,nist::non_overlapping_template,0.114697541635,PASS
7,nist::non_overlapping_template,0.485912873336,PASS
7,nist::non_overlapping_template,0.710796863195,PASS
7,nist::non_overlapping_template,0.137452534586,PASS
7,nist::non_overlapping_template,0.741925180637,PASS
7,nist::non_overlapping_template,0.374767191121,PASS
7,nist::non_overlapping_template,0.140421617612,PASS
7,nist::non_overlapping_template,0.138352608848,PASS
7,nist::non_overlapping_template,0.245486866246,PASS
7,nist::non_overlapping_template,0.870765532243,PASS
7,nist::non_overlapping_template,0.925307459693,PASS
7,nist::non_overlapping_template,0.562534015772,PASS
7,nist::non_overlapping_template,0.105499998899,PASS
7,nist::non_overlapping_template,0.908830932367,PASS
7,nist::non_overlapping_template,0.032312461956,PASS
7,nist::non_overlapping_template,0.982168131544,PASS
7,nist::non_overlapping_template,0.197211552988,PASS
7,nist::non_overlapping_template,0.599127274023,PASS
7,nist::non_overlapping_template,0.996383739242,PASS
7,nist::non_overlapping_template,0.632100606064,PASS
7,nist::non_overlapping_template,0.567760731719,PASS
7,nist::non_overlapping_template,0.515242885278,PASS
7,nist::non_overlapping_template,0.902178275289,PASS
7,nist::non_overlapping_template,0.837882194564,PASS
7,nist::non_overlapping_template,0.961647705123,PASS
7,nist::non_overlapping_template,0.628816911628,PASS
7,nist::non_overlapping_template,0.761186582956,PASS
7,nist::non_overlapping_template,0.609215381479,PASS
7,nist::non_overlapping_template,0.695665963934,PASS
7,nist::non_overlapping_template,0.087505869311,PASS
7,nist::non_overlapping_template,0.354928721701,PASS
7,nist::non_overlapping_template,0.917652109912,PASS
7,nist::non_overlapping_template,0.025512646483,PASS
7,nist::non_overlapping_template,0.785561438009,PASS
7,nist::non_overlapping_template,0.642492808996,PASS
7,nist::non_overlapping_template,0.999069681875,PASS
7,nist::non_overlapping_template,0.644821171890,PASS
7,nist::non_overlapping_template,0.760341493552,PASS
7,nist::non_overlapping_template,0.270843081046,PASS
7,nist::non_overlapping_template,0.756203761009,PASS
7,nist::non_overlapping_template,0.916106491721,PASS
7,nist::non_overlapping_template,0.928109359651,PASS
7,nist::non_overlapping_template,0.469787439316,PASS
7,nist::non_overlapping_template,0.378259499088,PASS
7,nist::non_overlapping_template,0.590023168745,PASS
7,nist::non_overlapping_template,0.739104100651,PASS
7,nist::non_overlapping_template,0.108115514845,PASS
7,nist::non_overlapping_template,0.672354093559,PASS
7,nist::non_overlapping_template,0.426167680178,PASS
7,nist::non_overlapping_template,0.036926430911,PASS
7,nist::non_overlapping_template,0.201767592317,PASS
7,nist::non_overlapping_template,0.588835314128,PASS
7,nist::non_overlapping_template,0.957705493416,PASS
7,nist::non_overlapping_template,0.752690028271,PASS
7,nist::non_overlapping_template,0.791278685977,PASS
7,nist::non_overlapping_template,0.123069846193,PASS
7,nist::non_overlapping_template,0.383740063953,PASS
7,nist::non_overlapping_template,0.960227653286,PASS
7,nist::non_overlapping_template,0.037437739825,PASS
7,nist::non_overlapping_template,0.204499531528,PASS
7,nist::non_overlapping_template,0.799048518002,PASS
7,nist::non_overlapping_template,0.064002724756,PASS
7,nist::non_overlapping_template,0.933297749845,PASS
7,nist::non_overlapping_template,0.466502587386,PASS
7,nist::non_overlapping_template,0.865093914298,PASS
7,nist::non_overlapping_template,0.249633726686,PASS
7,nist::non_overlapping_template,0.967526037938,PASS
7,nist::non_overlapping_template,0.640641019964,PASS
7,nist::non_overlapping_template,0.909510161045,PASS
7,nist::non_overlapping_template,0.315046111377,PASS
7,nist::non_overlapping_template,0.179304424236,PASS
7,nist::non_overlapping_template,0.204210322397,PASS
7,nist::non_overlapping_template,0.635738804598,PASS
7,nist::non_overlapping_template,0.246082951435,PASS
7,nist::non_overlapping_template,0.843887321634,PASS
7,nist::non_overlapping_template,0.621601675231,PASS
7,nist::non_overlapping_template,0.141447043304,PASS
7,nist::non_overlapping_template,0.820537386904,PASS
7,nist::non_overlapping_template,0.258521030884,PASS
7,nist::non_overlapping_template,0.998060828058,PASS
7,nist::non_overlapping_template,0.270720368261,PASS
7,nist::non_overlapping_template,0.365977165969,PASS
7,nist::non_overlapping_template,0.789541576120,PASS
7,nist::non_overlapping_template,0.239928376474,PASS
7,nist::non_overlapping_template,0.661323251605,PASS
7,nist::non_overlapping_template,0.298293743097,PASS
7,nist::non_overlapping_template,0.433724497440,PASS
7,nist::non_overlapping_template,0.184409174674,PASS
7,nist::non_overlapping_template,0.331636958448,PASS
7,nist::non_overlapping_template,0.605254209117,PASS
7,nist::non_overlapping_template,0.214090074453,PASS
7,nist::non_overlapping_template,0.983099702804,PASS
7,nist::non_overlapping_template,0.610261726799,PASS
7,nist::non_overlapping_template,0.752802699892,PASS
7,nist::non_overlapping_template,0.604194245812,PASS
7,nist::non_overlapping_template,0.930444175087,PASS
7,nist::non_overlapping_template,0.145436710361,PASS
7,nist::non_overlapping_template,0.068298776982,PASS
7,nist::non_overlapping_template,0.537650410846,PASS
7,nist::non_overlapping_template,0.487430798758,PASS
7,nist::non_overlapping_template,0.484292693229,PASS
7,nist::non_overlapping_template,0.182451531065,PASS
7,nist::non_overlapping_template,0.334731005308,PASS
7,nist::non_overlapping_template,0.073752109844,PASS
7,nist::non_overlapping_template,0.788282105297,PASS
7,nist::non_overlapping_template,0.100940508206,PASS
7,nist::non_overlapping_template,0.226933435243,PASS
7,nist::non_overlapping_template,0.838727813468,PASS
7,nist::non_overlapping_template,0.212874596622,PASS
7,nist::non_overlapping_template,0.206991712451,PASS
7,nist::non_overlapping_template,0.178946538153,PASS
7,nist::non_overlapping_template,0.282287628377,PASS
7,nist::non_overlapping_template,0.723622907496,PASS
7,nist::non_overlapping_template,0.768319814143,PASS
7,nist::non_overlapping_template,0.844233435062,PASS
7,nist::non_overlapping_template,0.440997741994,PASS
7,nist::non_overlapping_template,0.061196819981,PASS
7,nist::non_overlapping_template,0.081436282818,PASS
7,nist::non_overlapping_template,0.933332202893,PASS
7,nist::non_overlapping_template,0.101024643546,PASS
7,nist::non_overlapping_template,0.437333071863,PASS
7,nist::non_overlapping_template,0.672354093559,PASS
7,nist::serial_delta1,0.879041255683,PASS
7,nist::serial_delta2,0.849157214836,PASS
7,maurer::universal_l06,0.648891225642,PASS
7,maurer::universal_l07,0.237653981948,PASS
7,maurer::universal_l08,0.247806679882,PASS
7,maurer::universal_l09,0.279479622842,PASS
7,maurer::universal_l10,0.426795773146,PASS
7,maurer::universal_l11,0.229622106398,PASS
7,maurer::universal_l12,0.843787491810,PASS
7,maurer::universal_l13,0.750197035428,PASS
7,maurer::universal_l14,0.418991436449,PASS
7,maurer::universal_l15,0.772844017352,PASS
7,maurer::universal_l16,0.256568033331,PASS
7,nist::random_excursions,0.542515851246,PASS
7,nist::random_excursions,0.931970879786,PASS
7,nist::random_excursions,0.322937305620,PASS
7,nist::random_excursions,0.968849656888,PASS
7,nist::random_excursions,0.417440454094,PASS
7,nist::random_excursions,0.301098543998,PASS
7,nist::random_excursions,0.291249107363,PASS
7,nist::random_excursions,0.676161492215,PASS
7,nist::random_excursions_variant,0.410970073936,PASS
7,nist::random_excursions_variant,0.546785709637,PASS
7,nist::random_excursions_variant,0.603263774556,PASS
7,nist::random_excursions_variant,0.715355078980,PASS
7,nist::random_excursions_variant,0.900584268897,PASS
7,nist::random_excursions_variant,0.882273054863,PASS
7,nist::random_excursions_variant,0.631261428166,PASS
7,nist::random_excursions_variant,0.686770337489,PASS
7,nist::random_excursions_variant,0.986408809565,PASS
7,nist::random_excursions_variant,0.918590008887,PASS
7,nist::random_excursions_variant,0.760449873335,PASS
7,nist::random_excursions_variant,0.340951999664,PASS
7,nist::random_excursions_variant,0.052619915546,PASS
7,nist::random_excursions_variant,0.030506880515,PASS
7,nist::random_excursions_variant,0.133670225343,PASS
7,nist::random_excursions_variant,0.277181761433,PASS
7,nist::random_excursions_variant,0.364896381451,PASS
7,nist::random_excursions_variant,0.434877926788,PASS
8,nist::frequency,0.522401157051,PASS
8,nist::block_frequency,0.601568405994,PASS
8,nist::runs,0.650386798729,PASS
8,nist::longest_run,0.913333844708,PASS
8,nist::matrix_rank,0.681932250649,PASS
8,nist::spectral,0.571446765920,PASS
8,nist::overlapping_template,0.850230966128,PASS
8,nist::universal,0.771132670059,PASS
8,nist::linear_complexity,0.511083967598,PASS
8,nist::approximate_entropy,0.752913347956,PASS
8,nist::cumulative_sums_forward,0.130652814456,PASS
8,nist::cumulative_sums_backward,0.457054905631,PASS
8,nist::non_overlapping_template,0.967143033239,PASS
8,nist::non_overlapping_template,0.150064963125,PASS
8,nist::non_overlapping_template,0.240767571017,PASS
8,nist::non_overlapping_template,0.488477277941,PASS
8,nist::non_overlapping_template,0.498928458129,PASS
8,nist::non_overlapping_template,0.860309542502,PASS
8,nist::non_overlapping_template,0.953125139658,PASS
8,nist::non_overlapping_template,0.441590929919,PASS
8,nist::non_overlapping_template,0.090815516197,PASS
8,nist::non_overlapping_template,0.196370905491,PASS
8,nist::non_overlapping_template,0.411546925978,PASS
8,nist::non_overlapping_template,0.365261558777,PASS
8,nist::non_overlapping_template,0.301497920186,PASS
8,nist::non_overlapping_template,0.306998029773,PASS
8,nist::non_overlapping_template,0.189635834334,PASS
8,nist::non_overlapping_template,0.794851891164,PASS
8,nist::non_overlapping_template,0.002596542536,FAIL
8,nist::non_overlapping_template,0.283135103914,PASS
8,nist::non_overlapping_template,0.793346752446,PASS
8,nist::non_overlapping_template,0.901201886688,PASS
8,nist::non_overlapping_template,0.606937925889,PASS
8,nist::non_overlapping_template,0.202829855313,PASS
8,nist::non_overlapping_template,0.312253898719,PASS
8,nist::non_overlapping_template,0.693528518395,PASS
8,nist::non_overlapping_template,0.072955157243,PASS
8,nist::non_overlapping_template,0.738804273816,PASS
8,nist::non_overlapping_template,0.214317213742,PASS
8,nist::non_overlapping_template,0.465768841796,PASS
8,nist::non_overlapping_template,0.411930177126,PASS
8,nist::non_overlapping_template,0.402206148420,PASS
8,nist::non_overlapping_template,0.971039027948,PASS
8,nist::non_overlapping_template,0.771537708621,PASS
8,nist::non_overlapping_template,0.220741601901,PASS
8,nist::non_overlapping_template,0.850880887647,PASS
8,nist::non_overlapping_template,0.185680790303,PASS
8,nist::non_overlapping_template,0.419179688209,PASS
8,nist::non_overlapping_template,0.558345787614,PASS
8,nist::non_overlapping_template,0.778224587251,PASS
8,nist::non_overlapping_template,0.900106956155,PASS
8,nist::non_overlapping_template,0.803653495130,PASS
8,nist::non_overlapping_template,0.162733357690,PASS
8,nist::non_overlapping_template,0.280623739694,PASS
8,nist::non_overlapping_template,0.112893476586,PASS
8,nist::non_overlapping_template,0.753970264233,PASS
8,nist::non_overlapping_template,0.125050392070,PASS
8,nist::non_overlapping_template,0.505643029685,PASS
8,nist::non_overlapping_template,0.295820888142,PASS
8,nist::non_overlapping_template,0.275183693499,PASS
8,nist::non_overlapping_template,0.796132996580,PASS
8,nist::non_overlapping_template,0.259328596798,PASS
8,nist::non_overlapping_template,0.643718852103,PASS
8,nist::non_overlapping_template,0.672740441475,PASS
8,nist::non_overlapping_template,0.938218713995,PASS
8,nist::non_overlapping_template,0.340255645417,PASS
8,nist::non_overlapping_template,0.980157848370,PASS
8,nist::non_overlapping_template,0.781390612389,PASS
8,nist::non_overlapping_template,0.773126223149,PASS
8,nist::non_overlapping_template,0.717566011194,PASS
8,nist::non_overlapping_template,0.817240221579,PASS
8,nist::non_overlapping_template,0.246207538208,PASS
8,nist::non_overlapping_template,0.984713977768,PASS
8,nist::non_overlapping_template,0.825469599305,PASS
8,nist::non_overlapping_template,0.322459945503,PASS
8,nist::non_overlapping_template,0.273944335183,PASS
8,nist::non_overlapping_template,0.091845380354,PASS
8,nist::non_overlapping_template,0.313629634869,PASS
8,nist::non_overlapping_template,0.852161668486,PASS
8,nist::non_overlapping_template,0.227238696288,PASS
8,nist::non_overlapping_template,0.523282395802,PASS
8,nist::non_overlapping_template,0.186251193931,PASS
8,nist::non_overlapping_template,0.146253847844,PASS
8,nist::non_overlapping_template,0.667193408133,PASS
8,nist::non_overlapping_template,0.518464542127,PASS
8,nist::non_overlapping_template,0.806122311774,PASS
8,nist::non_overlapping_template,0.967143033239,PASS
8,nist::non_overlapping_template,0.600392884013,PASS
8,nist::non_overlapping_template,0.433842486320,PASS
8,nist::non_overlapping_template,0.288962267697,PASS
8,nist::non_overlapping_template,0.973108537947,PASS
8,nist::non_overlapping_template,0.461181761445,PASS
8,nist::non_overlapping_template,0.936879546227,PASS
8,nist::non_overlapping_template,0.006825011745,FAIL
8,nist::non_overlapping_template,0.934161746946,PASS
8,nist::non_overlapping_template,0.019541233446,PASS
8,nist::non_overlapping_template,0.353977426187,PASS
8,nist::non_overlapping_template,0.495934312389,PASS
8,nist::non_overlapping_template,0.168606610671,PASS
8,nist::non_overlapping_template,0.600364793209,PASS
8,nist::non_overlapping_template,0.451559358304,PASS
8,nist::non_overlapping_template,0.751625451862,PASS
8,nist::non_overlapping_template,0.840297553647,PASS
8,nist::non_overlapping_template,0.110739322559,PASS
8,nist::non_overlapping_template,0.284692515215,PASS
8,nist::non_overlapping_template,0.512450039503,PASS
8,nist::non_overlapping_template,0.383223887123,PASS
8,nist::non_overlapping_template,0.499815417440,PASS
8,nist::non_overlapping_template,0.226775279082,PASS
8,nist::non_overlapping_template,0.156054810722,PASS
8,nist::non_overlapping_template,0.151826038699,PASS
8,nist::non_overlapping_template,0.449751836433,PASS
8,nist::non_overlapping_template,0.735074134255,PASS
8,nist::non_overlapping_template,0.587414583830,PASS
8,nist::non_overlapping_template,0.782660490730,PASS
8,nist::non_overlapping_template,0.678030929132,PASS
8,nist::non_overlapping_template,0.911164367314,PASS
8,nist::non_overlapping_template,0.348758713208,PASS
8,nist::non_overlapping_template,0.565534379905,PASS
8,nist::non_overlapping_template,0.046379537972,PASS
8,nist::non_overlapping_template,0.678938402762,PASS
8,nist::non_overlapping_template,0.064726780214,PASS
8,nist::non_overlapping_template,0.516187226422,PASS
8,nist::non_overlapping_template,0.007929736397,FAIL
8,nist::non_overlapping_template,0.287185957463,PASS
8,nist::non_overlapping_template,0.718202390862,PASS
8,nist::non_overlapping_template,0.233194648259,PASS
8,nist::non_overlapping_template,0.566248799424,PASS
8,nist::non_overlapping_template,0.008111580685,FAIL
8,nist::non_overlapping_template,0.968330649278,PASS
8,nist::non_overlapping_template,0.354242337909,PASS
8,nist::non_overlapping_template,0.999370350875,PASS
8,nist::non_overlapping_template,0.883122505923,PASS
8,nist::non_overlapping_template,0.829181235462,PASS
8,nist::non_overlapping_template,0.059008416769,PASS
8,nist::non_overlapping_template,0.812354949976,PASS
8,nist::non_overlapping_template,0.712723298773,PASS
8,nist::non_overlapping_template,0.554330502772,PASS
8,nist::non_overlapping_template,0.388245500049,PASS
8,nist::non_overlapping_template,0.113108810997,PASS
8,nist::non_overlapping_template,0.147643629525,PASS
8,nist::non_overlapping_template,0.188707676324,PASS
8,nist::non_overlapping_template,0.349133669156,PASS
8,nist::non_overlapping_template,0.256220470981,PASS
8,nist::non_overlapping_template,0.503496305907,PASS
8,nist::non_overlapping_template,0.574473965600,PASS
8,nist::non_overlapping_template,0.580971917092,PASS
8,nist::non_overlapping_template,0.475143476814,PASS
8,nist::non_overlapping_template,0.125361011836,PASS
8,nist::non_overlapping_template,0.307599547352,PASS
8,nist::non_overlapping_template,0.489150910168,PASS
8,nist::non_overlapping_template,0.547093386339,PASS
8,nist::non_overlapping_template,0.147110315378,PASS
8,nist::non_overlapping_template,0.473838430379,PASS
8,nist::non_overlapping_template,0.458215666741,PASS
8,nist::non_overlapping_template,0.879982683550,PASS
8,nist::non_overlapping_template,0.041750707425,PASS
8,nist::non_overlapping_template,0.649885590848,PASS
8,nist::non_overlapping_template,0.638199897566,PASS
8,nist::non_overlapping_template,0.806122311774,PASS
8,nist::serial_delta1,0.976866296205,PASS
8,nist::serial_delta2,0.997698720026,PASS
8,maurer::universal_l06,0.429861061881,PASS
8,maurer::universal_l07,0.102545344060,PASS
8,maurer::universal_l08,0.128875455512,PASS
8,maurer::universal_l09,0.549445044040,PASS
8,maurer::universal_l10,0.771132670059,PASS
8,maurer::universal_l11,0.272847102376,PASS
8,maurer::universal_l12,0.687130765416,PASS
8,maurer::universal_l13,0.912445862854,PASS
8,maurer::universal_l14,0.962020669779,PASS
8,maurer::universal_l15,0.839056358176,PASS
8,maurer::universal_l16,0.296888900067,PASS
8,nist::random_excursions,0.832154799060,PASS
8,nist::random_excursions,0.938904608144,PASS
8,nist::random_excursions,0.980544775875,PASS
8,nist::random_excursions,0.239460845789,PASS
8,nist::random_excursions,0.705293072562,PASS
8,nist::random_excursions,0.919861681763,PASS
8,nist::random_excursions,0.514903711371,PASS
8,nist::random_excursions,0.845081341089,PASS
8,nist::random_excursions_variant,0.413231334546,PASS
8,nist::random_excursions_variant,0.317393835229,PASS
8,nist::random_excursions_variant,0.264992415755,PASS
8,nist::random_excursions_variant,0.386043113883,PASS
8,nist::random_excursions_variant,0.531427106734,PASS
8,nist::random_excursions_variant,0.850489757635,PASS
8,nist::random_excursions_variant,0.926828897814,PASS
8,nist::random_excursions_variant,0.838944494017,PASS
8,nist::random_excursions_variant,0.906588376686,PASS
8,nist::random_excursions_variant,0.659911044221,PASS
8,nist::random_excursions_variant,0.722082626261,PASS
8,nist::random_excursions_variant,0.608893025557,PASS
8,nist::random_excursions_variant,0.722730731466,PASS
8,nist::random_excursions_variant,0.583966329093,PASS
8,nist::random_excursions_variant,0.626628222092,PASS
8,nist::random_excursions_variant,0.714266565334,PASS
8,nist::random_excursions_variant,0.559736480998,PASS
8,nist::random_excursions_variant,0.559606033759,PASS
9,nist::frequency,0.754289635468,PASS
9,nist::block_frequency,0.287809786970,PASS
9,nist::runs,0.671673728055,PASS
9,nist::longest_run,0.404057132349,PASS
9,nist::matrix_rank,0.383110205215,PASS
9,nist::spectral,0.470109360424,PASS
9,nist::overlapping_template,0.733839210173,PASS
9,nist::universal,0.122954340695,PASS
9,nist::linear_complexity,0.361941544112,PASS
9,nist::approximate_entropy,0.630534422414,PASS
9,nist::cumulative_sums_forward,0.978421505384,PASS
9,nist::cumulative_sums_backward,0.806612493712,PASS
9,nist::non_overlapping_template,0.862325260038,PASS
9,nist::non_overlapping_template,0.614649581640,PASS
9,nist::non_overlapping_template,0.927095049077,PASS
9,nist::non_overlapping_template,0.842428294206,PASS
9,nist::non_overlapping_template,0.457016593945,PASS
9,nist::non_overlapping_template,0.979274950760,PASS
9,nist::non_overlapping_template,0.206723838271,PASS
9,nist::non_overlapping_template,0.707225900747,PASS
9,nist::non_overlapping_template,0.874573960899,PASS
9,nist::non_overlapping_template,0.393360124735,PASS
9,nist::non_overlapping_template,0.581826507115,PASS
9,nist::non_overlapping_template,0.449931158037,PASS
9,nist::non_overlapping_template,0.259006211392,PASS
9,nist::non_overlapping_template,0.391157181937,PASS
9,nist::non_overlapping_template,0.173107333925,PASS
9,nist::non_overlapping_template,0.695312608844,PASS
9,nist::non_overlapping_template,0.832616262501,PASS
9,nist::non_overlapping_template,0.130257154119,PASS
9,nist::non_overlapping_template,0.119441629178,PASS
9,nist::non_overlapping_template,0.090067813395,PASS
9,nist::non_overlapping_template,0.498204179373,PASS
9,nist::non_overlapping_template,0.560533741335,PASS
9,nist::non_overlapping_template,0.206804581833,PASS
9,nist::non_overlapping_template,0.681060991080,PASS
9,nist::non_overlapping_template,0.879543224691,PASS
9,nist::non_overlapping_template,0.376834014253,PASS
9,nist::non_overlapping_template,0.498730806581,PASS
9,nist::non_overlapping_template,0.674068639515,PASS
9,nist::non_overlapping_template,0.936695536174,PASS
9,nist::non_overlapping_template,0.655950903975,PASS
9,nist::non_overlapping_template,0.115489835809,PASS
9,nist::non_overlapping_template,0.670576388874,PASS
9,nist::non_overlapping_template,0.021414932792,PASS
9,nist::non_overlapping_template,0.039621982981,PASS
9,nist::non_overlapping_template,0.265304590006,PASS
9,nist::non_overlapping_template,0.691679277474,PASS
9,nist::non_overlapping_template,0.637522946703,PASS
9,nist::non_overlapping_template,0.881766454132,PASS
9,nist::non_overlapping_template,0.927797037634,PASS
9,nist::non_overlapping_template,0.907955735809,PASS
9,nist::non_overlapping_template,0.144893887676,PASS
9,nist::non_overlapping_template,0.979900275097,PASS
9,nist::non_overlapping_template,0.293486594144,PASS
9,nist::non_overlapping_template,0.931337377731,PASS
9,nist::non_overlapping_template,0.630313770032,PASS
9,nist::non_overlapping_template,0.506406912657,PASS
9,nist::non_overlapping_template,0.879456311319,PASS
9,nist::non_overlapping_template,0.821508856861,PASS
9,nist::non_overlapping_template,0.904285432357,PASS
9,nist::non_overlapping_template,0.967296752641,PASS
9,nist::non_overlapping_template,0.994189558851,PASS
9,nist::non_overlapping_template,0.179783746543,PASS
9,nist::non_overlapping_template,0.979254772085,PASS
9,nist::non_overlapping_template,0.370969682448,PASS
9,nist::non_overlapping_template,0.580607498670,PASS
9,nist::non_overlapping_template,0.297610003163,PASS
9,nist::non_overlapping_template,0.061144605010,PASS
9,nist::non_overlapping_template,0.044693260666,PASS
9,nist::non_overlapping_template,0.511426576405,PASS
9,nist::non_overlapping_template,0.354871432630,PASS
9,nist::non_overlapping_template,0.292425173906,PASS
9,nist::non_overlapping_template,0.867916791405,PASS
9,nist::non_overlapping_template,0.952756974799,PASS
9,nist::non_overlapping_template,0.438343069417,PASS
9,nist::non_overlapping_template,0.036576296992,PASS
9,nist::non_overlapping_template,0.549275210944,PASS
9,nist::non_overlapping_template,0.883267812098,PASS
9,nist::non_overlapping_template,0.113265194103,PASS
9,nist::non_overlapping_template,0.253212002301,PASS
9,nist::non_overlapping_template,0.481535082880,PASS
9,nist::non_overlapping_template,0.328866343312,PASS
9,nist::non_overlapping_template,0.055800707408,PASS
9,nist::non_overlapping_template,0.541490885797,PASS
9,nist::non_overlapping_template,0.991059823276,PASS
9,nist::non_overlapping_template,0.862325260038,PASS
9,nist::non_overlapping_template,0.994507290471,PASS
9,nist::non_overlapping_template,0.434389477303,PASS
9,nist::non_overlapping_template,0.967119113311,PASS
9,nist::non_overlapping_template,0.190577972680,PASS
9,nist::non_overlapping_template,0.202662821891,PASS
9,nist::non_overlapping_template,0.271186673305,PASS
9,nist::non_overlapping_template,0.277468515504,PASS
9,nist::non_overlapping_template,0.157186882171,PASS
9,nist::non_overlapping_template,0.049950641192,PASS
9,nist::non_overlapping_template,0.762430660930,PASS
9,nist::non_overlapping_template,0.411542435995,PASS
9,nist::non_overlapping_template,0.559163706273,PASS
9,nist::non_overlapping_template,0.497984341505,PASS
9,nist::non_overlapping_template,0.182142765772,PASS
9,nist::non_overlapping_template,0.535823125799,PASS
9,nist::non_overlapping_template,0.201897779259,PASS
9,nist::non_overlapping_template,0.818706457422,PASS
9,nist::non_overlapping_template,0.179487653379,PASS
9,nist::non_overlapping_template,0.564561445901,PASS
9,nist::non_overlapping_template,0.630989425096,PASS
9,nist::non_overlapping_template,0.641748542534,PASS
9,nist::non_overlapping_template,0.393556066622,PASS
9,nist::non_overlapping_template,0.513508666852,PASS
9,nist::non_overlapping_template,0.233865975691,PASS
9,nist::non_overlapping_template,0.763721835689,PASS
9,nist::non_overlapping_template,0.007168357628,FAIL
9,nist::non_overlapping_template,0.943743176646,PASS
9,nist::non_overlapping_template,0.362265802829,PASS
9,nist::non_overlapping_template,0.806630930701,PASS
9,nist::non_overlapping_template,0.516741910568,PASS
9,nist::non_overlapping_template,0.551239884320,PASS
9,nist::non_overlapping_template,0.663092569986,PASS
9,nist::non_overlapping_template,0.114614856923,PASS
9,nist::non_overlapping_template,0.553421844105,PASS
9,nist::non_overlapping_template,0.563275030705,PASS
9,nist::non_overlapping_template,0.874875503861,PASS
9,nist::non_overlapping_template,0.299542130946,PASS
9,nist::non_overlapping_template,0.153543220179,PASS
9,nist::non_overlapping_template,0.299529398014,PASS
9,nist::non_overlapping_template,0.232228508502,PASS
9,nist::non_overlapping_template,0.297546036186,PASS
9,nist::non_overlapping_template,0.760927664218,PASS
9,nist::non_overlapping_template,0.107236282650,PASS
9,nist::non_overlapping_template,0.076388774927,PASS
9,nist::non_overlapping_template,0.750525938171,PASS
9,nist::non_overlapping_template,0.555951058281,PASS
9,nist::non_overlapping_template,0.845068807511,PASS
9,nist::non_overlapping_template,0.935085357585,PASS
9,nist::non_overlapping_template,0.693745228021,PASS
9,nist::non_overlapping_template,0.645196867146,PASS
9,nist::non_overlapping_template,0.187089518409,PASS
9,nist::non_overlapping_template,0.092200814342,PASS
9,nist::non_overlapping_template,0.610348860561,PASS
9,nist::non_overlapping_template,0.978430120809,PASS
9,nist::non_overlapping_template,0.329347855098,PASS
9,nist::non_overlapping_template,0.841922325089,PASS
9,nist::non_overlapping_template,0.389888322309,PASS
9,nist::non_overlapping_template,0.014488184771,PASS
9,nist::non_overlapping_template,0.106944865177,PASS
9,nist::non_overlapping_template,0.873822479759,PASS
9,nist::non_overlapping_template,0.310107876715,PASS
9,nist::non_overlapping_template,0.006496493418,FAIL
9,nist::non_overlapping_template,0.662975979856,PASS
9,nist::non_overlapping_template,0.975457876221,PASS
9,nist::non_overlapping_template,0.151161966332,PASS
9,nist::non_overlapping_template,0.102290858394,PASS
9,nist::non_overlapping_template,0.610061061870,PASS
9,nist::non_overlapping_template,0.112334357481,PASS
9,nist::non_overlapping_template,0.677399997993,PASS
9,nist::non_overlapping_template,0.909796277998,PASS
9,nist::non_overlapping_template,0.368346017421,PASS
9,nist::non_overlapping_template,0.707884721718,PASS
9,nist::non_overlapping_template,0.991059823276,PASS
9,nist::serial_delta1,0.992226786503,PASS
9,nist::serial_delta2,0.999823947358,PASS
9,maurer::universal_l06,0.458990368294,PASS
9,maurer::universal_l07,0.414696386512,PASS
9,maurer::universal_l08,0.207256782027,PASS
9,maurer::universal_l09,0.757818747186,PASS
9,maurer::universal_l10,0.122954340695,PASS
9,maurer::universal_l11,0.496275529371,PASS
9,maurer::universal_l12,0.378087212892,PASS
9,maurer::universal_l13,0.396984976421,PASS
9,maurer::universal_l14,0.521797018801,PASS
9,maurer::universal_l15,0.167015550730,PASS
9,maurer::universal_l16,0.015192839779,PASS
9,nist::random_excursions,0.381369581402,PASS
9,nist::random_excursions,0.420475495187,PASS
9,nist::random_excursions,0.237399432072,PASS
9,nist::random_excursions,0.624349619270,PASS
9,nist::random_excursions,0.173878746214,PASS
9,nist::random_excursions,0.310961175606,PASS
9,nist::random_excursions,0.209406290332,PASS
9,nist::random_excursions,0.022697099214,PASS
9,nist::random_excursions_variant,0.610142514828,PASS
9,nist::random_excursions_variant,0.542959647311,PASS
9,nist::random_excursions_variant,0.625231725696,PASS
9,nist::random_excursions_variant,0.851999745768,PASS
9,nist::random_excursions_variant,0.660690567048,PASS
9,nist::random_excursions_variant,0.466240062034,PASS
9,nist::random_excursions_variant,0.424729006278,PASS
9,nist::random_excursions_variant,0.458099192021,PASS
9,nist::random_excursions_variant,0.842790684394,PASS
9,nist::random_excursions_variant,0.157927607801,PASS
9,nist::random_excursions_variant,0.151692321197,PASS
9,nist::random_excursions_variant,0.186914128457,PASS
9,nist::random_excursions_variant,0.222333266707,PASS
9,nist::random_excursions_variant,0.617230195709,PASS
9,nist::random_excursions_variant,0.916182829192,PASS
9,nist::random_excursions_variant,0.856824407085,PASS
9,nist::random_excursions_variant,0.863393015185,PASS
9,nist::random_excursions_variant,0.826385072776,PASS
10,nist::frequency,0.018596824849,PASS
10,nist::block_frequency,0.536801029463,PASS
10,nist::runs,0.801367775837,PASS
10,nist::longest_run,0.365943594983,PASS
10,nist::matrix_rank,0.072508061669,PASS
10,nist::spectral,0.002204030563,FAIL
10,nist::overlapping_template,0.500418557950,PASS
10,nist::universal,0.507512270816,PASS
10,nist::linear_complexity,0.796438041032,PASS
10,nist::approximate_entropy,0.595674604676,PASS
10,nist::cumulative_sums_forward,0.007321491993,FAIL
10,nist::cumulative_sums_backward,0.033527774052,PASS
10,nist::non_overlapping_template,0.383031865737,PASS
10,nist::non_overlapping_template,0.773493041457,PASS
10,nist::non_overlapping_template,0.814058019036,PASS
10,nist::non_overlapping_template,0.816290731730,PASS
10,nist::non_overlapping_template,0.427975652753,PASS
10,nist::non_overlapping_template,0.842889353492,PASS
10,nist::non_overlapping_template,0.691220965557,PASS
10,nist::non_overlapping_template,0.394048005534,PASS
10,nist::non_overlapping_template,0.912355085150,PASS
10,nist::non_overlapping_template,0.079847285708,PASS
10,nist::non_overlapping_template,0.711404946394,PASS
10,nist::non_overlapping_template,0.840577561377,PASS
10,nist::non_overlapping_template,0.767126635475,PASS
10,nist::non_overlapping_template,0.288432188418,PASS
10,nist::non_overlapping_template,0.022386195375,PASS
10,nist::non_overlapping_template,0.220917581986,PASS
10,nist::non_overlapping_template,0.642822519429,PASS
10,nist::non_overlapping_template,0.629306121955,PASS
10,nist::non_overlapping_template,0.247674292853,PASS
10,nist::non_overlapping_template,0.470780272847,PASS
10,nist::non_overlapping_template,0.634972728605,PASS
10,nist::non_overlapping_template,0.048067951719,PASS
10,nist::non_overlapping_template,0.685450650283,PASS
10,nist::non_overlapping_template,0.818174865326,PASS
10,nist::non_overlapping_template,0.865173218424,PASS
10,nist::non_overlapping_template,0.383494825728,PASS
10,nist::non_overlapping_template,0.273464844557,PASS
10,nist::non_overlapping_template,0.579108553609,PASS
10,nist::non_overlapping_template,0.946695222793,PASS
10,nist::non_overlapping_template,0.386305856768,PASS
10,nist::non_overlapping_template,0.493212278956,PASS
10,nist::non_overlapping_template,0.981771986246,PASS
10,nist::non_overlapping_template,0.312633221385,PASS
10,nist::non_overlapping_template,0.663225940228,PASS
10,nist::non_overlapping_template,0.055812784654,PASS
10,nist::non_overlapping_template,0.077564394080,PASS
10,nist::non_overlapping_template,0.637697926068,PASS
10,nist::non_overlapping_template,0.614101641641,PASS
10,nist::non_overlapping_template,0.715616466729,PASS
10,nist::non_overlapping_template,0.236875695698,PASS
10,nist::non_overlapping_template,0.943149305087,PASS
10,nist::non_overlapping_template,0.848632206807,PASS
10,nist::non_overlapping_template,0.861030644359,PASS
10,nist::non_overlapping_template,0.785094373572,PASS
10,nist::non_overlapping_template,0.598647310255,PASS
10,nist::non_overlapping_template,0.260419993136,PASS
10,nist::non_overlapping_template,0.850404207146,PASS
10,nist::non_overlapping_template,0.862753608809,PASS
10,nist::non_overlapping_template,0.879781931066,PASS
10,nist::non_overlapping_template,0.236256943739,PASS
10,nist::non_overlapping_template,0.686687077099,PASS
10,nist::non_overlapping_template,0.612982174178,PASS
10,nist::non_overlapping_template,0.091718360806,PASS
10,nist::non_overlapping_template,0.952573537215,PASS
10,nist::non_overlapping_template,0.755754383163,PASS
10,nist::non_overlapping_template,0.630612288693,PASS
10,nist::non_overlapping_template,0.054047476881,PASS
10,nist::non_overlapping_template,0.731140469854,PASS
10,nist::non_overlapping_template,0.905328810143,PASS
10,nist::non_overlapping_template,0.439698448309,PASS
10,nist::non_overlapping_template,0.104769411314,PASS
10,nist::non_overlapping_template,0.767123293472,PASS
10,nist::non_overlapping_template,0.612827178730,PASS
10,nist::non_overlapping_template,0.672902735044,PASS
10,nist::non_overlapping_template,0.804086075982,PASS
10,nist::non_overlapping_template,0.325445088347,PASS
10,nist::non_overlapping_template,0.820152486107,PASS
10,nist::non_overlapping_template,0.897675299981,PASS
10,nist::non_overlapping_template,0.515117137618,PASS
10,nist::non_overlapping_template,0.191409926058,PASS
10,nist::non_overlapping_template,0.425120810294,PASS
10,nist::non_overlapping_template,0.887651700518,PASS
10,nist::non_overlapping_template,0.607651196673,PASS
10,nist::non_overlapping_template,0.136102340661,PASS
10,nist::non_overlapping_template,0.383031865737,PASS
10,nist::non_overlapping_template,0.336432120631,PASS
10,nist::non_overlapping_template,0.358575659898,PASS
10,nist::non_overlapping_template,0.076591413707,PASS
10,nist::non_overlapping_template,0.728712175881,PASS
10,nist::non_overlapping_template,0.887655560797,PASS
10,nist::non_overlapping_template,0.315675775755,PASS
10,nist::non_overlapping_template,0.064476527017,PASS
10,nist::non_overlapping_template,0.428191521491,PASS
10,nist::non_overlapping_template,0.560543240944,PASS
10,nist::non_overlapping_template,0.673657690897,PASS
10,nist::non_overlapping_template,0.072846445697,PASS
10,nist::non_overlapping_template,0.754116653206,PASS
10,nist::non_overlapping_template,0.965964457963,PASS
10,nist::non_overlapping_template,0.491415842240,PASS
10,nist::non_overlapping_template,0.914211892121,PASS
10,nist::non_overlapping_template,0.643253003994,PASS
10,nist::non_overlapping_template,0.757042045811,PASS
10,nist::non_overlapping_template,0.662380641107,PASS
10,nist::non_overlapping_template,0.432186105961,PASS
10,nist::non_overlapping_template,0.323719097981,PASS
10,nist::non_overlapping_template,0.748260031264,PASS
10,nist::non_overlapping_template,0.722121673293,PASS
10,nist::non_overlapping_template,0.826052081940,PASS
10,nist::non_overlapping_template,0.739283964928,PASS
10,nist::non_overlapping_template,0.624603367371,PASS
10,nist::non_overlapping_template,0.783859521367,PASS
10,nist::non_overlapping_template,0.070816838926,PASS
10,nist::non_overlapping_template,0.695366974000,PASS
10,nist::non_overlapping_template,0.333241649261,PASS
10,nist::non_overlapping_template,0.700724578028,PASS
10,nist::non_overlapping_template,0.660719863940,PASS
10,nist::non_overlapping_template,0.154246922978,PASS
10,nist::non_overlapping_template,0.541615591033,PASS
10,nist::non_overlapping_template,0.507201268507,PASS
10,nist::non_overlapping_template,0.760427295446,PASS
10,nist::non_overlapping_template,0.006372743818,FAIL
10,nist::non_overlapping_template,0.559785149057,PASS
10,nist::non_overlapping_template,0.297158826293,PASS
10,nist::non_overlapping_template,0.405966649064,PASS
10,nist::non_overlapping_template,0.630737704734,PASS
10,nist::non_overlapping_template,0.729578938028,PASS
10,nist::non_overlapping_template,0.575369692820,PASS
10,nist::non_overlapping_template,0.863698821843,PASS
10,nist::non_overlapping_template,0.669352429960,PASS
10,nist::non_overlapping_template,0.934957281555,PASS
10,nist::non_overlapping_template,0.921148950102,PASS
10,nist::non_overlapping_template,0.326103399078,PASS
10,nist::non_overlapping_template,0.178891406483,PASS
10,nist::non_overlapping_template,0.879377336008,PASS
10,nist::non_overlapping_template,0.507724464193,PASS
10,nist::non_overlapping_template,0.406825303679,PASS
10,nist::non_overlapping_template,0.101353089285,PASS
10,nist::non_overlapping_template,0.344284956509,PASS
10,nist::non_overlapping_template,0.379516003724,PASS
10,nist::non_overlapping_template,0.204267234336,PASS
10,nist::non_overlapping_template,0.619115496951,PASS
10,nist::non_overlapping_template,0.827225725940,PASS
10,nist::non_overlapping_template,0.815077749209,PASS
10,nist::non_overlapping_template,0.618376644351,PASS
10,nist::non_overlapping_template,0.838948467687,PASS
10,nist::non_overlapping_template,0.807829801096,PASS
10,nist::non_overlapping_template,0.821943738997,PASS
10,nist::non_overlapping_template,0.437681737155,PASS
10,nist::non_overlapping_template,0.799026046149,PASS
10,nist::non_overlapping_template,0.293307406108,PASS
10,nist::non_overlapping_template,0.532662586975,PASS
10,nist::non_overlapping_template,0.874234948499,PASS
10,nist::non_overlapping_template,0.899805475622,PASS
10,nist::non_overlapping_template,0.421194436391,PASS
10,nist::non_overlapping_template,0.087138731809,PASS
10,nist::non_overlapping_template,0.951481439672,PASS
10,nist::non_overlapping_template,0.711704566842,PASS
10,nist::non_overlapping_template,0.136102340661,PASS
10,nist::serial_delta1,0.994930529584,PASS
10,nist::serial_delta2,0.668339211600,PASS
10,maurer::universal_l06,0.049670027092,PASS
10,maurer::universal_l07,0.137506946995,PASS
10,maurer::universal_l08,0.587634034124,PASS
10,maurer::universal_l09,0.236906545835,PASS
10,maurer::universal_l10,0.507512270816,PASS
10,maurer::universal_l11,0.657258297611,PASS
10,maurer::universal_l12,0.976976592235,PASS
10,maurer::universal_l13,0.922083588802,PASS
10,maurer::universal_l14,0.521274220217,PASS
10,maurer::universal_l15,0.085623994766,PASS
10,maurer::universal_l16,0.503740046504,PASS
10,nist::random_excursions,0.437913119714,PASS
10,nist::random_excursions,0.592831757872,PASS
10,nist::random_excursions,0.080892830873,PASS
10,nist::random_excursions,0.665000082936,PASS
10,nist::random_excursions,0.656286749186,PASS
10,nist::random_excursions,0.422810525844,PASS
10,nist::random_excursions,0.291709304445,PASS
10,nist::random_excursions,0.147510832420,PASS
10,nist::random_excursions_variant,0.326002648064,PASS
10,nist::random_excursions_variant,0.430400163183,PASS
10,nist::random_excursions_variant,0.654119466972,PASS
10,nist::random_excursions_variant,0.650032788362,PASS
10,nist::random_excursions_variant,0.412904810922,PASS
10,nist::random_excursions_variant,0.288122124196,PASS
10,nist::random_excursions_variant,0.227282659868,PASS
10,nist::random_excursions_variant,0.371132426801,PASS
10,nist::random_excursions_variant,0.400391621191,PASS
10,nist::random_excursions_variant,0.773588836399,PASS
10,nist::random_excursions_variant,0.548176393758,PASS
10,nist::random_excursions_variant,0.482267393021,PASS
10,nist::random_excursions_variant,0.847447774756,PASS
10,nist::random_excursions_variant,0.976461092547,PASS
10,nist::random_excursions_variant,0.984029995709,PASS
10,nist::random_excursions_variant,0.892589988907,PASS
10,nist::random_excursions_variant,0.619116908924,PASS
10,nist::random_excursions_variant,0.509147645449,PASS
