Block,TestName,PValue,Pass
1,nist::frequency,0.582118418272,PASS
1,nist::block_frequency,0.666222448794,PASS
1,nist::runs,0.057008394657,PASS
1,nist::longest_run,0.354853076165,PASS
1,nist::matrix_rank,0.963270744375,PASS
1,nist::spectral,0.957833026780,PASS
1,nist::overlapping_template,0.292157202625,PASS
1,nist::universal,0.940963690439,PASS
1,nist::linear_complexity,0.537160277576,PASS
1,nist::approximate_entropy,0.809070906765,PASS
1,nist::cumulative_sums_forward,0.871535070624,PASS
1,nist::cumulative_sums_backward,0.751094667632,PASS
1,nist::non_overlapping_template,0.536104822790,PASS
1,nist::non_overlapping_template,0.587879627621,PASS
1,nist::non_overlapping_template,0.781083110492,PASS
1,nist::non_overlapping_template,0.908748559885,PASS
1,nist::non_overlapping_template,0.284123863764,PASS
1,nist::non_overlapping_template,0.937875724441,PASS
1,nist::non_overlapping_template,0.448178106446,PASS
1,nist::non_overlapping_template,0.676729321471,PASS
1,nist::non_overlapping_template,0.099575029687,PASS
1,nist::non_overlapping_template,0.283635283868,PASS
1,nist::non_overlapping_template,0.541996600897,PASS
1,nist::non_overlapping_template,0.598972835669,PASS
1,nist::non_overlapping_template,0.288778607169,PASS
1,nist::non_overlapping_template,0.565368151304,PASS
1,nist::non_overlapping_template,0.893527808382,PASS
1,nist::non_overlapping_template,0.304061891228,PASS
1,nist::non_overlapping_template,0.326026773894,PASS
1,nist::non_overlapping_template,0.258015375425,PASS
1,nist::non_overlapping_template,0.865306740161,PASS
1,nist::non_overlapping_template,0.116794338446,PASS
1,nist::non_overlapping_template,0.888085611366,PASS
1,nist::non_overlapping_template,0.550406683656,PASS
1,nist::non_overlapping_template,0.898039465332,PASS
1,nist::non_overlapping_template,0.782584978372,PASS
1,nist::non_overlapping_template,0.388877236264,PASS
1,nist::non_overlapping_template,0.301043709913,PASS
1,nist::non_overlapping_template,0.458260931462,PASS
1,nist::non_overlapping_template,0.450350508883,PASS
1,nist::non_overlapping_template,0.732314008451,PASS
1,nist::non_overlapping_template,0.712432532963,PASS
1,nist::non_overlapping_template,0.466476944613,PASS
1,nist::non_overlapping_template,0.601488604727,PASS
1,nist::non_overlapping_template,0.277852791409,PASS
1,nist::non_overlapping_template,0.417615670216,PASS
1,nist::non_overlapping_template,0.456477500361,PASS
1,nist::non_overlapping_template,0.991058924634,PASS
1,nist::non_overlapping_template,0.640115119502,PASS
1,nist::non_overlapping_template,0.819971944421,PASS
1,nist::non_overlapping_template,0.722598851155,PASS
1,nist::non_overlapping_template,0.575505387274,PASS
1,nist::non_overlapping_template,0.501505184618,PASS
1,nist::non_overlapping_template,0.269782826526,PASS
1,nist::non_overlapping_template,0.831198673096,PASS
1,nist::non_overlapping_template,0.934106182666,PASS
1,nist::non_overlapping_template,0.231210661755,PASS
1,nist::non_overlapping_template,0.904495734853,PASS
1,nist::non_overlapping_template,0.347668424783,PASS
1,nist::non_overlapping_template,0.156094955167,PASS
1,nist::non_overlapping_template,0.211204854793,PASS
1,nist::non_overlapping_template,0.426883472052,PASS
1,nist::non_overlapping_template,0.572909477187,PASS
1,nist::non_overlapping_template,0.767162561270,PASS
1,nist::non_overlapping_template,0.013754956496,PASS
1,nist::non_overlapping_template,0.437323776208,PASS
1,nist::non_overlapping_template,0.703699948655,PASS
1,nist::non_overlapping_template,0.663672848808,PASS
1,nist::non_overlapping_template,0.722597985253,PASS
1,nist::non_overlapping_template,0.571595296930,PASS
1,nist::non_overlapping_template,0.846476122240,PASS
1,nist::non_overlapping_template,0.238012931428,PASS
1,nist::non_overlapping_template,0.587392732234,PASS
1,nist::non_overlapping_template,0.258526466291,PASS
1,nist::non_overlapping_template,0.956240155351,PASS
1,nist::non_overlapping_template,0.859233226328,PASS
1,nist::non_overlapping_template,0.988218435750,PASS
1,nist::non_overlapping_template,0.800629275570,PASS
1,nist::non_overlapping_template,0.607024989050,PASS
1,nist::non_overlapping_template,0.040907183869,PASS
1,nist::non_overlapping_template,0.210203527655,PASS
1,nist::non_overlapping_template,0.740118734748,PASS
1,nist::non_overlapping_template,0.164786062012,PASS
1,nist::non_overlapping_template,0.661259645737,PASS
1,nist::non_overlapping_template,0.359740793196,PASS
1,nist::non_overlapping_template,0.772998382139,PASS
1,nist::non_overlapping_template,0.536104822790,PASS
1,nist::non_overlapping_template,0.192546056167,PASS
1,nist::non_overlapping_template,0.746444726510,PASS
1,nist::non_overlapping_template,0.286324282520,PASS
1,nist::non_overlapping_template,0.926775245508,PASS
1,nist::non_overlapping_template,0.471634741444,PASS
1,nist::non_overlapping_template,0.432726546394,PASS
1,nist::non_overlapping_template,0.133654581593,PASS
1,nist::non_overlapping_template,0.160575047058,PASS
1,nist::non_overlapping_template,0.489096807203,PASS
1,nist::non_overlapping_template,0.801496602861,PASS
1,nist::non_overlapping_template,0.757857754317,PASS
1,nist::non_overlapping_template,0.473470262507,PASS
1,nist::non_overlapping_template,0.995685616843,PASS
1,nist::non_overlapping_template,0.530384399472,PASS
1,nist::non_overlapping_template,0.760642609964,PASS
1,nist::non_overlapping_template,0.341905292556,PASS
1,nist::non_overlapping_template,0.217487006263,PASS
1,nist::non_overlapping_template,0.694563668635,PASS
1,nist::non_overlapping_template,0.997331932814,PASS
1,nist::non_overlapping_template,0.084743086996,PASS
1,nist::non_overlapping_template,0.864842658855,PASS
1,nist::non_overlapping_template,0.121191670944,PASS
1,nist::non_overlapping_template,0.492576405003,PASS
1,nist::non_overlapping_template,0.014796510058,PASS
1,nist::non_overlapping_template,0.279578856363,PASS
1,nist::non_overlapping_template,0.573071089833,PASS
1,nist::non_overlapping_template,0.573335256430,PASS
1,nist::non_overlapping_template,0.669408911916,PASS
1,nist::non_overlapping_template,0.766833330183,PASS
1,nist::non_overlapping_template,0.484603631035,PASS
1,nist::non_overlapping_template,0.097691710910,PASS
1,nist::non_overlapping_template,0.141407460286,PASS
1,nist::non_overlapping_template,0.450674801236,PASS
1,nist::non_overlapping_template,0.719674858069,PASS
1,nist::non_overlapping_template,0.856053137891,PASS
1,nist::non_overlapping_template,0.637359457641,PASS
1,nist::non_overlapping_template,0.152480167936,PASS
1,nist::non_overlapping_template,0.914531456729,PASS
1,nist::non_overlapping_template,0.865395029485,PASS
1,nist::non_overlapping_template,0.305134613897,PASS
1,nist::non_overlapping_template,0.819595168672,PASS
1,nist::non_overlapping_template,0.949792994636,PASS
1,nist::non_overlapping_template,0.815669336865,PASS
1,nist::non_overlapping_template,0.787143756188,PASS
1,nist::non_overlapping_template,0.024097926473,PASS
1,nist::non_overlapping_template,0.820705355286,PASS
1,nist::non_overlapping_template,0.731692482916,PASS
1,nist::non_overlapping_template,0.306882639560,PASS
1,nist::non_overlapping_template,0.042834825607,PASS
1,nist::non_overlapping_template,0.662252558956,PASS
1,nist::non_overlapping_template,0.582046306543,PASS
1,nist::non_overlapping_template,0.511225160479,PASS
1,nist::non_overlapping_template,0.866288402429,PASS
1,nist::non_overlapping_template,0.188280292308,PASS
1,nist::non_overlapping_template,0.474406295256,PASS
1,nist::non_overlapping_template,0.320147677655,PASS
1,nist::non_overlapping_template,0.376225249892,PASS
1,nist::non_overlapping_template,0.803502062312,PASS
1,nist::non_overlapping_template,0.595329000201,PASS
1,nist::non_overlapping_template,0.679873878289,PASS
1,nist::non_overlapping_template,0.542438379528,PASS
1,nist::non_overlapping_template,0.689078676311,PASS
1,nist::non_overlapping_template,0.378613558239,PASS
1,nist::non_overlapping_template,0.844176014887,PASS
1,nist::non_overlapping_template,0.886516161049,PASS
1,nist::non_overlapping_template,0.192306346540,PASS
1,nist::non_overlapping_template,0.131725969986,PASS
1,nist::non_overlapping_template,0.100848749684,PASS
1,nist::non_overlapping_template,0.961758884058,PASS
1,nist::non_overlapping_template,0.744327320015,PASS
1,nist::non_overlapping_template,0.010297305873,PASS
1,nist::non_overlapping_template,0.999679509891,PASS
1,nist::non_overlapping_template,0.772998382139,PASS
1,nist::serial_delta1,0.552873803373,PASS
1,nist::serial_delta2,0.541483328199,PASS
1,maurer::universal_l06,0.619757460550,PASS
1,maurer::universal_l07,0.497314126843,PASS
1,maurer::universal_l08,0.385751997806,PASS
1,maurer::universal_l09,0.314861750455,PASS
1,maurer::universal_l10,0.940963690439,PASS
1,maurer::universal_l11,0.961643451739,PASS
1,maurer::universal_l12,0.786408807703,PASS
1,maurer::universal_l13,0.044296566788,PASS
1,maurer::universal_l14,0.253159511396,PASS
1,maurer::universal_l15,0.433886609498,PASS
1,maurer::universal_l16,0.403204998138,PASS
1,nist::random_excursions,0.310406231246,PASS
1,nist::random_excursions,0.347361778399,PASS
1,nist::random_excursions,0.030642991437,PASS
1,nist::random_excursions,0.277076973653,PASS
1,nist::random_excursions,0.630747735762,PASS
1,nist::random_excursions,0.440189275377,PASS
1,nist::random_excursions,0.535075507095,PASS
1,nist::random_excursions,0.693921679451,PASS
1,nist::random_excursions_variant,0.377681941017,PASS
1,nist::random_excursions_variant,0.743247215063,PASS
1,nist::random_excursions_variant,0.935285655449,PASS
1,nist::random_excursions_variant,0.393505851743,PASS
1,nist::random_excursions_variant,0.194221469577,PASS
1,nist::random_excursions_variant,0.466844515138,PASS
1,nist::random_excursions_variant,0.802627013443,PASS
1,nist::random_excursions_variant,0.813735811641,PASS
1,nist::random_excursions_variant,0.477879271169,PASS
1,nist::random_excursions_variant,0.108331921943,PASS
1,nist::random_excursions_variant,0.255508255257,PASS
1,nist::random_excursions_variant,0.492481407019,PASS
1,nist::random_excursions_variant,0.546137468771,PASS
1,nist::random_excursions_variant,0.691914006274,PASS
1,nist::random_excursions_variant,0.577958910592,PASS
1,nist::random_excursions_variant,0.760288259436,PASS
1,nist::random_excursions_variant,0.888875917296,PASS
1,nist::random_excursions_variant,0.936546732194,PASS
2,nist::frequency,0.074315185018,PASS
2,nist::block_frequency,0.599569885247,PASS
2,nist::runs,0.331110846237,PASS
2,nist::longest_run,0.975228821701,PASS
2,nist::matrix_rank,0.706157657707,PASS
2,nist::spectral,0.050640395787,PASS
2,nist::overlapping_template,0.327394937779,PASS
2,nist::universal,0.434086306385,PASS
2,nist::linear_complexity,0.199377705679,PASS
2,nist::approximate_entropy,0.940702758337,PASS
2,nist::cumulative_sums_forward,0.089067213909,PASS
2,nist::cumulative_sums_backward,0.096348036620,PASS
2,nist::non_overlapping_template,0.267658838681,PASS
2,nist::non_overlapping_template,0.863829445391,PASS
2,nist::non_overlapping_template,0.343714529697,PASS
2,nist::non_overlapping_template,0.667294047756,PASS
2,nist::non_overlapping_template,0.340581294231,PASS
2,nist::non_overlapping_template,0.647553610713,PASS
2,nist::non_overlapping_template,0.273539705873,PASS
2,nist::non_overlapping_template,0.992795931005,PASS
2,nist::non_overlapping_template,0.429460411485,PASS
2,nist::non_overlapping_template,0.670743153650,PASS
2,nist::non_overlapping_template,0.984911755834,PASS
2,nist::non_overlapping_template,0.538104593158,PASS
2,nist::non_overlapping_template,0.570283649927,PASS
2,nist::non_overlapping_template,0.324235133999,PASS
2,nist::non_overlapping_template,0.503731315976,PASS
2,nist::non_overlapping_template,0.217734606568,PASS
2,nist::non_overlapping_template,0.322977140064,PASS
2,nist::non_overlapping_template,0.719584652690,PASS
2,nist::non_overlapping_template,0.501890698475,PASS
2,nist::non_overlapping_template,0.040685186768,PASS
2,nist::non_overlapping_template,0.191301540317,PASS
2,nist::non_overlapping_template,0.323467377849,PASS
2,nist::non_overlapping_template,0.186335013119,PASS
2,nist::non_overlapping_template,0.139869441146,PASS
2,nist::non_overlapping_template,0.347244779667,PASS
2,nist::non_overlapping_template,0.589695977249,PASS
2,nist::non_overlapping_template,0.492077342848,PASS
2,nist::non_overlapping_template,0.991633418068,PASS
2,nist::non_overlapping_template,0.199004209391,PASS
2,nist::non_overlapping_template,0.098439476205,PASS
2,nist::non_overlapping_template,0.506449364916,PASS
2,nist::non_overlapping_template,0.924759136023,PASS
2,nist::non_overlapping_template,0.909926978858,PASS
2,nist::non_overlapping_template,0.356878134735,PASS
2,nist::non_overlapping_template,0.912951232590,PASS
2,nist::non_overlapping_template,0.147359886835,PASS
2,nist::non_overlapping_template,0.021672195621,PASS
2,nist::non_overlapping_template,0.540494453395,PASS
2,nist::non_overlapping_template,0.382658027050,PASS
2,nist::non_overlapping_template,0.933713560525,PASS
2,nist::non_overlapping_template,0.882843453563,PASS
2,nist::non_overlapping_template,0.679017687970,PASS
2,nist::non_overlapping_template,0.809723527995,PASS
2,nist::non_overlapping_template,0.991171839007,PASS
2,nist::non_overlapping_template,0.329531385317,PASS
2,nist::non_overlapping_template,0.578223570727,PASS
2,nist::non_overlapping_template,0.817703461684,PASS
2,nist::non_overlapping_template,0.532436729691,PASS
2,nist::non_overlapping_template,0.962412595973,PASS
2,nist::non_overlapping_template,0.012489880214,PASS
2,nist::non_overlapping_template,0.168238434839,PASS
2,nist::non_overlapping_template,0.207112735220,PASS
2,nist::non_overlapping_template,0.368701812588,PASS
2,nist::non_overlapping_template,0.203822217519,PASS
2,nist::non_overlapping_template,0.558961781657,PASS
2,nist::non_overlapping_template,0.110421310438,PASS
2,nist::non_overlapping_template,0.898597792047,PASS
2,nist::non_overlapping_template,0.885769285324,PASS
2,nist::non_overlapping_template,0.658019693178,PASS
2,nist::non_overlapping_template,0.093934212032,PASS
2,nist::non_overlapping_template,0.485181683869,PASS
2,nist::non_overlapping_template,0.661469013592,PASS
2,nist::non_overlapping_template,0.783908690490,PASS
2,nist::non_overlapping_template,0.471851499514,PASS
2,nist::non_overlapping_template,0.261840176365,PASS
2,nist::non_overlapping_template,0.646536123272,PASS
2,nist::non_overlapping_template,0.538417401252,PASS
2,nist::non_overlapping_template,0.715129640126,PASS
2,nist::non_overlapping_template,0.544988894241,PASS
2,nist::non_overlapping_template,0.415181206357,PASS
2,nist::non_overlapping_template,0.807128036511,PASS
2,nist::non_overlapping_template,0.677748078033,PASS
2,nist::non_overlapping_template,0.876483210397,PASS
2,nist::non_overlapping_template,0.689781509071,PASS
2,nist::non_overlapping_template,0.267658838681,PASS
2,nist::non_overlapping_template,0.903489453230,PASS
2,nist::non_overlapping_template,0.956691996147,PASS
2,nist::non_overlapping_template,0.400322724036,PASS
2,nist::non_overlapping_template,0.207136946605,PASS
2,nist::non_overlapping_template,0.281147843667,PASS
2,nist::non_overlapping_template,0.419915260402,PASS
2,nist::non_overlapping_template,0.272764613336,PASS
2,nist::non_overlapping_template,0.746817710419,PASS
2,nist::non_overlapping_template,0.583499037624,PASS
2,nist::non_overlapping_template,0.160094473733,PASS
2,nist::non_overlapping_template,0.281486639881,PASS
2,nist::non_overlapping_template,0.798686469073,PASS
2,nist::non_overlapping_template,0.133974344347,PASS
2,nist::non_overlapping_template,0.938283451907,PASS
2,nist::non_overlapping_template,0.514526290012,PASS
2,nist::non_overlapping_template,0.655653951927,PASS
2,nist::non_overlapping_template,0.446916058001,PASS
2,nist::non_overlapping_template,0.395872544167,PASS
2,nist::non_overlapping_template,0.320734201499,PASS
2,nist::non_overlapping_template,0.659924719766,PASS
2,nist::non_overlapping_template,0.952320143830,PASS
2,nist::non_overlapping_template,0.207546600858,PASS
2,nist::non_overlapping_template,0.873700658527,PASS
2,nist::non_overlapping_template,0.191146117949,PASS
2,nist::non_overlapping_template,0.139597832942,PASS
2,nist::non_overlapping_template,0.057791549765,PASS
2,nist::non_overlapping_template,0.644930786289,PASS
2,nist::non_overlapping_template,0.821081350520,PASS
2,nist::non_overlapping_template,0.451694918658,PASS
2,nist::non_overlapping_template,0.682747732087,PASS
2,nist::non_overlapping_template,0.229564010096,PASS
2,nist::non_overlapping_template,0.769599816256,PASS
2,nist::non_overlapping_template,0.515589174562,PASS
2,nist::non_overlapping_template,0.862601540250,PASS
2,nist::non_overlapping_template,0.630569894921,PASS
2,nist::non_overlapping_template,0.263353306703,PASS
2,nist::non_overlapping_template,0.927832410000,PASS
2,nist::non_overlapping_template,0.603561576402,PASS
2,nist::non_overlapping_template,0.494198488774,PASS
2,nist::non_overlapping_template,0.212244472480,PASS
2,nist::non_overlapping_template,0.455145451411,PASS
2,nist::non_overlapping_template,0.376089975124,PASS
2,nist::non_overlapping_template,0.899963592003,PASS
2,nist::non_overlapping_template,0.867034816752,PASS
2,nist::non_overlapping_template,0.359322572087,PASS
2,nist::non_overlapping_template,0.023118671252,PASS
2,nist::non_overlapping_template,0.223103466281,PASS
2,nist::non_overlapping_template,0.793651757123,PASS
2,nist::non_overlapping_template,0.814210742644,PASS
2,nist::non_overlapping_template,0.846763732875,PASS
2,nist::non_overlapping_template,0.564188498320,PASS
2,nist::non_overlapping_template,0.936312046888,PASS
2,nist::non_overlapping_template,0.719184745939,PASS
2,nist::non_overlapping_template,0.901512910247,PASS
2,nist::non_overlapping_template,0.675531393112,PASS
2,nist::non_overlapping_template,0.512491028972,PASS
2,nist::non_overlapping_template,0.798075119956,PASS
2,nist::non_overlapping_template,0.462052998652,PASS
2,nist::non_overlapping_template,0.097768865402,PASS
2,nist::non_overlapping_template,0.228261038751,PASS
2,nist::non_overlapping_template,0.815669336865,PASS
2,nist::non_overlapping_template,0.910274488584,PASS
2,nist::non_overlapping_template,0.555646123977,PASS
2,nist::non_overlapping_template,0.147090365194,PASS
2,nist::non_overlapping_template,0.970791412270,PASS
2,nist::non_overlapping_template,0.643186707273,PASS
2,nist::non_overlapping_template,0.165185083185,PASS
2,nist::non_overlapping_template,0.873540184805,PASS
2,nist::non_overlapping_template,0.004951381723,FAIL
2,nist::non_overlapping_template,0.032131235044,PASS
2,nist::non_overlapping_template,0.872412423525,PASS
2,nist::non_overlapping_template,0.232562393167,PASS
2,nist::non_overlapping_template,0.689781509071,PASS
2,nist::serial_delta1,0.899528800815,PASS
2,nist::serial_delta2,0.736247782134,PASS
2,maurer::universal_l06,0.398951082760,PASS
2,maurer::universal_l07,0.497630763959,PASS
2,maurer::universal_l08,0.132660307903,PASS
2,maurer::universal_l09,0.976079982622,PASS
2,maurer::universal_l10,0.434086306385,PASS
2,maurer::universal_l11,0.350117672058,PASS
2,maurer::universal_l12,0.560623797387,PASS
2,maurer::universal_l13,0.695640199013,PASS
2,maurer::universal_l14,0.100507985509,PASS
2,maurer::universal_l15,0.908261355544,PASS
2,maurer::universal_l16,0.460051779813,PASS
2,nist::random_excursions,0.270122489656,PASS
2,nist::random_excursions,0.897899750476,PASS
2,nist::random_excursions,0.843629231413,PASS
2,nist::random_excursions,0.791422276212,PASS
2,nist::random_excursions,0.653801708867,PASS
2,nist::random_excursions,0.992815291228,PASS
2,nist::random_excursions,0.396667960016,PASS
2,nist::random_excursions,0.209320348562,PASS
2,nist::random_excursions_variant,0.299508009925,PASS
2,nist::random_excursions_variant,0.320202290008,PASS
2,nist::random_excursions_variant,0.291196971571,PASS
2,nist::random_excursions_variant,0.226388838780,PASS
2,nist::random_excursions_variant,0.262268138764,PASS
2,nist::random_excursions_variant,0.294574658553,PASS
2,nist::random_excursions_variant,0.606874107994,PASS
2,nist::random_excursions_variant,0.844708749040,PASS
2,nist::random_excursions_variant,0.392254821182,PASS
2,nist::random_excursions_variant,0.941206934369,PASS
2,nist::random_excursions_variant,0.517478909203,PASS
2,nist::random_excursions_variant,0.387497687563,PASS
2,nist::random_excursions_variant,0.547092689442,PASS
2,nist::random_excursions_variant,0.992154087730,PASS
2,nist::random_excursions_variant,0.803315493693,PASS
2,nist::random_excursions_variant,0.879683880778,PASS
2,nist::random_excursions_variant,0.996961370516,PASS
2,nist::random_excursions_variant,0.863655930292,PASS
3,nist::frequency,0.125346130775,PASS
3,nist::block_frequency,0.239400758340,PASS
3,nist::runs,0.441338809221,PASS
3,nist::longest_run,0.467295558157,PASS
3,nist::matrix_rank,0.440822677789,PASS
3,nist::spectral,0.959618206798,PASS
3,nist::overlapping_template,0.997381275839,PASS
3,nist::universal,0.859625053188,PASS
3,nist::linear_complexity,0.155473703348,PASS
3,nist::approximate_entropy,0.743364026957,PASS
3,nist::cumulative_sums_forward,0.053844050310,PASS
3,nist::cumulative_sums_backward,0.247570298836,PASS
3,nist::non_overlapping_template,0.177102033822,PASS
3,nist::non_overlapping_template,0.934724436236,PASS
3,nist::non_overlapping_template,0.081447965401,PASS
3,nist::non_overlapping_template,0.387698125115,PASS
3,nist::non_overlapping_template,0.366140025563,PASS
3,nist::non_overlapping_template,0.578348981279,PASS
3,nist::non_overlapping_template,0.404798507943,PASS
3,nist::non_overlapping_template,0.917197938967,PASS
3,nist::non_overlapping_template,0.724452606858,PASS
3,nist::non_overlapping_template,0.134714400825,PASS
3,nist::non_overlapping_template,0.847582993654,PASS
3,nist::non_overlapping_template,0.569705774004,PASS
3,nist::non_overlapping_template,0.486111485654,PASS
3,nist::non_overlapping_template,0.111268242711,PASS
3,nist::non_overlapping_template,0.881275788710,PASS
3,nist::non_overlapping_template,0.486218572105,PASS
3,nist::non_overlapping_template,0.526710480169,PASS
3,nist::non_overlapping_template,0.548649704948,PASS
3,nist::non_overlapping_template,0.619163111371,PASS
3,nist::non_overlapping_template,0.297897977768,PASS
3,nist::non_overlapping_template,0.757741383098,PASS
3,nist::non_overlapping_template,0.277017067063,PASS
3,nist::non_overlapping_template,0.998831823104,PASS
3,nist::non_overlapping_template,0.633688089786,PASS
3,nist::non_overlapping_template,0.600593915579,PASS
3,nist::non_overlapping_template,0.444791585594,PASS
3,nist::non_overlapping_template,0.699960489542,PASS
3,nist::non_overlapping_template,0.358336753797,PASS
3,nist::non_overlapping_template,0.361032546370,PASS
3,nist::non_overlapping_template,0.010093838131,PASS
3,nist::non_overlapping_template,0.707165680946,PASS
3,nist::non_overlapping_template,0.076642828195,PASS
3,nist::non_overlapping_template,0.592703350985,PASS
3,nist::non_overlapping_template,0.544426613211,PASS
3,nist::non_overlapping_template,0.838457062962,PASS
3,nist::non_overlapping_template,0.952073940048,PASS
3,nist::non_overlapping_template,0.580001708281,PASS
3,nist::non_overlapping_template,0.794526400223,PASS
3,nist::non_overlapping_template,0.741486626735,PASS
3,nist::non_overlapping_template,0.876572379169,PASS
3,nist::non_overlapping_template,0.867519270279,PASS
3,nist::non_overlapping_template,0.962848540785,PASS
3,nist::non_overlapping_template,0.923609829588,PASS
3,nist::non_overlapping_template,0.135049449683,PASS
3,nist::non_overlapping_template,0.516190582339,PASS
3,nist::non_overlapping_template,0.609186344498,PASS
3,nist::non_overlapping_template,0.747619495413,PASS
3,nist::non_overlapping_template,0.417641332110,PASS
3,nist::non_overlapping_template,0.218178566670,PASS
3,nist::non_overlapping_template,0.232339094299,PASS
3,nist::non_overlapping_template,0.055467131262,PASS
3,nist::non_overlapping_template,0.353837191926,PASS
3,nist::non_overlapping_template,0.355692477450,PASS
3,nist::non_overlapping_template,0.117294930166,PASS
3,nist::non_overlapping_template,0.105625167698,PASS
3,nist::non_overlapping_template,0.214654992985,PASS
3,nist::non_overlapping_template,0.688464455248,PASS
3,nist::non_overlapping_template,0.495657190007,PASS
3,nist::non_overlapping_template,0.732270114159,PASS
3,nist::non_overlapping_template,0.364408748665,PASS
3,nist::non_overlapping_template,0.872998544736,PASS
3,nist::non_overlapping_template,0.370945113319,PASS
3,nist::non_overlapping_template,0.352250897827,PASS
3,nist::non_overlapping_template,0.206305473663,PASS
3,nist::non_overlapping_template,0.254100747609,PASS
3,nist::non_overlapping_template,0.763263110106,PASS
3,nist::non_overlapping_template,0.136466480028,PASS
3,nist::non_overlapping_template,0.907063573137,PASS
3,nist::non_overlapping_template,0.709269786258,PASS
3,nist::non_overlapping_template,0.191302396925,PASS
3,nist::non_overlapping_template,0.074103051157,PASS
3,nist::non_overlapping_template,0.390552887685,PASS
3,nist::non_overlapping_template,0.673267878407,PASS
3,nist::non_overlapping_template,0.627692013925,PASS
3,nist::non_overlapping_template,0.177102033822,PASS
3,nist::non_overlapping_template,0.635095545085,PASS
3,nist::non_overlapping_template,0.796095113643,PASS
3,nist::non_overlapping_template,0.210766246745,PASS
3,nist::non_overlapping_template,0.176370895853,PASS
3,nist::non_overlapping_template,0.441311408247,PASS
3,nist::non_overlapping_template,0.676865050672,PASS
3,nist::non_overlapping_template,0.560158113080,PASS
3,nist::non_overlapping_template,0.626196519846,PASS
3,nist::non_overlapping_template,0.235316270117,PASS
3,nist::non_overlapping_template,0.712986170976,PASS
3,nist::non_overlapping_template,0.272002460754,PASS
3,nist::non_overlapping_template,0.418852249695,PASS
3,nist::non_overlapping_template,0.722458569326,PASS
3,nist::non_overlapping_template,0.597293788076,PASS
3,nist::non_overlapping_template,0.645492120771,PASS
3,nist::non_overlapping_template,0.702576515439,PASS
3,nist::non_overlapping_template,0.788359509442,PASS
3,nist::non_overlapping_template,0.059963510701,PASS
3,nist::non_overlapping_template,0.240157348728,PASS
3,nist::non_overlapping_template,0.482346765693,PASS
3,nist::non_overlapping_template,0.780388749388,PASS
3,nist::non_overlapping_template,0.825573882328,PASS
3,nist::non_overlapping_template,0.475397415465,PASS
3,nist::non_overlapping_template,0.296471555435,PASS
3,nist::non_overlapping_template,0.387975363385,PASS
3,nist::non_overlapping_template,0.227839839263,PASS
3,nist::non_overlapping_template,0.196409411468,PASS
3,nist::non_overlapping_template,0.784790754171,PASS
3,nist::non_overlapping_template,0.193579976882,PASS
3,nist::non_overlapping_template,0.213952195354,PASS
3,nist::non_overlapping_template,0.903034674470,PASS
3,nist::non_overlapping_template,0.662093558095,PASS
3,nist::non_overlapping_template,0.310962782135,PASS
3,nist::non_overlapping_template,0.764211356414,PASS
3,nist::non_overlapping_template,0.699905340394,PASS
3,nist::non_overlapping_template,0.015422873746,PASS
3,nist::non_overlapping_template,0.530090237108,PASS
3,nist::non_overlapping_template,0.010421443468,PASS
3,nist::non_overlapping_template,0.873919224526,PASS
3,nist::non_overlapping_template,0.600526318492,PASS
3,nist::non_overlapping_template,0.005679139272,FAIL
3,nist::non_overlapping_template,0.779577643924,PASS
3,nist::non_overlapping_template,0.015542145886,PASS
3,nist::non_overlapping_template,0.069552562316,PASS
3,nist::non_overlapping_template,0.099987599200,PASS
3,nist::non_overlapping_template,0.598223561292,PASS
3,nist::non_overlapping_template,0.603705674826,PASS
3,nist::non_overlapping_template,0.240148617974,PASS
3,nist::non_overlapping_template,0.256723984536,PASS
3,nist::non_overlapping_template,0.500586273143,PASS
3,nist::non_overlapping_template,0.468435828544,PASS
3,nist::non_overlapping_template,0.909354125398,PASS
3,nist::non_overlapping_template,0.310243405067,PASS
3,nist::non_overlapping_template,0.515355230344,PASS
3,nist::non_overlapping_template,0.653644984442,PASS
3,nist::non_overlapping_template,0.306636536264,PASS
3,nist::non_overlapping_template,0.193940924672,PASS
3,nist::non_overlapping_template,0.564815886469,PASS
3,nist::non_overlapping_template,0.246657082976,PASS
3,nist::non_overlapping_template,0.664286649084,PASS
3,nist::non_overlapping_template,0.962348828953,PASS
3,nist::non_overlapping_template,0.673399288869,PASS
3,nist::non_overlapping_template,0.247626958086,PASS
3,nist::non_overlapping_template,0.288342535110,PASS
3,nist::non_overlapping_template,0.346851033333,PASS
3,nist::non_overlapping_template,0.546996539584,PASS
3,nist::non_overlapping_template,0.569620754515,PASS
3,nist::non_overlapping_template,0.392059977832,PASS
3,nist::non_overlapping_template,0.145834377526,PASS
3,nist::non_overlapping_template,0.313674751863,PASS
3,nist::non_overlapping_template,0.094133665972,PASS
3,nist::non_overlapping_template,0.276625643915,PASS
3,nist::non_overlapping_template,0.627692013925,PASS
3,nist::serial_delta1,0.938094527302,PASS
3,nist::serial_delta2,0.879321776669,PASS
3,maurer::universal_l06,0.585420027550,PASS
3,maurer::universal_l07,0.848441178896,PASS
3,maurer::universal_l08,0.751612162979,PASS
3,maurer::universal_l09,0.284702493118,PASS
3,maurer::universal_l10,0.859625053188,PASS
3,maurer::universal_l11,0.020106153415,PASS
3,maurer::universal_l12,0.206016284277,PASS
3,maurer::universal_l13,0.923676572641,PASS
3,maurer::universal_l14,0.063804419496,PASS
3,maurer::universal_l15,0.469507955071,PASS
3,maurer::universal_l16,0.534546804012,PASS
3,nist::random_excursions,NaN,FAIL
3,nist::random_excursions_variant,NaN,FAIL
4,nist::frequency,0.265168619905,PASS
4,nist::block_frequency,0.553122926871,PASS
4,nist::runs,0.313455566938,PASS
4,nist::longest_run,0.870332972699,PASS
4,nist::matrix_rank,0.881055518404,PASS
4,nist::spectral,0.574802170184,PASS
4,nist::overlapping_template,0.074817329160,PASS
4,nist::universal,0.729315314910,PASS
4,nist::linear_complexity,0.540504583239,PASS
4,nist::approximate_entropy,0.913115114061,PASS
4,nist::cumulative_sums_forward,0.175813446790,PASS
4,nist::cumulative_sums_backward,0.328617936146,PASS
4,nist::non_overlapping_template,0.173131001363,PASS
4,nist::non_overlapping_template,0.872916434031,PASS
4,nist::non_overlapping_template,0.751221739460,PASS
4,nist::non_overlapping_template,0.091657528926,PASS
4,nist::non_overlapping_template,0.832643467665,PASS
4,nist::non_overlapping_template,0.748290645956,PASS
4,nist::non_overlapping_template,0.196628749995,PASS
4,nist::non_overlapping_template,0.226010287215,PASS
4,nist::non_overlapping_template,0.697807941874,PASS
4,nist::non_overlapping_template,0.235153544948,PASS
4,nist::non_overlapping_template,0.795079564232,PASS
4,nist::non_overlapping_template,0.337480014318,PASS
4,nist::non_overlapping_template,0.286859742206,PASS
4,nist::non_overlapping_template,0.781911619449,PASS
4,nist::non_overlapping_template,0.167430042683,PASS
4,nist::non_overlapping_template,0.157276770663,PASS
4,nist::non_overlapping_template,0.980780650498,PASS
4,nist::non_overlapping_template,0.869159979173,PASS
4,nist::non_overlapping_template,0.653533615064,PASS
4,nist::non_overlapping_template,0.148309118113,PASS
4,nist::non_overlapping_template,0.522777230352,PASS
4,nist::non_overlapping_template,0.000456376846,FAIL
4,nist::non_overlapping_template,0.272204716555,PASS
4,nist::non_overlapping_template,0.735671039025,PASS
4,nist::non_overlapping_template,0.387156998745,PASS
4,nist::non_overlapping_template,0.013110677538,PASS
4,nist::non_overlapping_template,0.552331383184,PASS
4,nist::non_overlapping_template,0.364964178278,PASS
4,nist::non_overlapping_template,0.476138579411,PASS
4,nist::non_overlapping_template,0.816108912384,PASS
4,nist::non_overlapping_template,0.867400470448,PASS
4,nist::non_overlapping_template,0.981450641122,PASS
4,nist::non_overlapping_template,0.068781267383,PASS
4,nist::non_overlapping_template,0.641029045019,PASS
4,nist::non_overlapping_template,0.002842542166,FAIL
4,nist::non_overlapping_template,0.503078718660,PASS
4,nist::non_overlapping_template,0.131177086431,PASS
4,nist::non_overlapping_template,0.212232826237,PASS
4,nist::non_overlapping_template,0.664808565687,PASS
4,nist::non_overlapping_template,0.002140546080,FAIL
4,nist::non_overlapping_template,0.872849235912,PASS
4,nist::non_overlapping_template,0.616741478926,PASS
4,nist::non_overlapping_template,0.352595076133,PASS
4,nist::non_overlapping_template,0.359991328283,PASS
4,nist::non_overlapping_template,0.125882502982,PASS
4,nist::non_overlapping_template,0.250228011330,PASS
4,nist::non_overlapping_template,0.128939142597,PASS
4,nist::non_overlapping_template,0.374871067240,PASS
4,nist::non_overlapping_template,0.944884731514,PASS
4,nist::non_overlapping_template,0.393178076224,PASS
4,nist::non_overlapping_template,0.111136413193,PASS
4,nist::non_overlapping_template,0.751522840891,PASS
4,nist::non_overlapping_template,0.912286304002,PASS
4,nist::non_overlapping_template,0.391831070949,PASS
4,nist::non_overlapping_template,0.390236099299,PASS
4,nist::non_overlapping_template,0.326073777777,PASS
4,nist::non_overlapping_template,0.551821645218,PASS
4,nist::non_overlapping_template,0.904360138662,PASS
4,nist::non_overlapping_template,0.332032578715,PASS
4,nist::non_overlapping_template,0.934342656931,PASS
4,nist::non_overlapping_template,0.944676966866,PASS
4,nist::non_overlapping_template,0.867808488212,PASS
4,nist::non_overlapping_template,0.019404242957,PASS
4,nist::non_overlapping_template,0.580735649196,PASS
4,nist::non_overlapping_template,0.048963926919,PASS
4,nist::non_overlapping_template,0.623213521648,PASS
4,nist::non_overlapping_template,0.209632327875,PASS
4,nist::non_overlapping_template,0.897608687235,PASS
4,nist::non_overlapping_template,0.828494946646,PASS
4,nist::non_overlapping_template,0.991009859543,PASS
4,nist::non_overlapping_template,0.796449681114,PASS
4,nist::non_overlapping_template,0.198275511753,PASS
4,nist::non_overlapping_template,0.430768279624,PASS
4,nist::non_overlapping_template,0.720223799250,PASS
4,nist::non_overlapping_template,0.173131001363,PASS
4,nist::non_overlapping_template,0.942047951397,PASS
4,nist::non_overlapping_template,0.037245395560,PASS
4,nist::non_overlapping_template,0.277614149688,PASS
4,nist::non_overlapping_template,0.948364431198,PASS
4,nist::non_overlapping_template,0.565395855116,PASS
4,nist::non_overlapping_template,0.405781837967,PASS
4,nist::non_overlapping_template,0.594918839184,PASS
4,nist::non_overlapping_template,0.555860606305,PASS
4,nist::non_overlapping_template,0.604905249414,PASS
4,nist::non_overlapping_template,0.535333048139,PASS
4,nist::non_overlapping_template,0.695086368625,PASS
4,nist::non_overlapping_template,0.596637845918,PASS
4,nist::non_overlapping_template,0.721431222443,PASS
4,nist::non_overlapping_template,0.383206688720,PASS
4,nist::non_overlapping_template,0.955391599457,PASS
4,nist::non_overlapping_template,0.419007254157,PASS
4,nist::non_overlapping_template,0.620290985260,PASS
4,nist::non_overlapping_template,0.958403471418,PASS
4,nist::non_overlapping_template,0.844006652811,PASS
4,nist::non_overlapping_template,0.731631349454,PASS
4,nist::non_overlapping_template,0.009486378424,FAIL
4,nist::non_overlapping_template,0.196187648728,PASS
4,nist::non_overlapping_template,0.997849113418,PASS
4,nist::non_overlapping_template,0.946417014330,PASS
4,nist::non_overlapping_template,0.489082872035,PASS
4,nist::non_overlapping_template,0.102933742531,PASS
4,nist::non_overlapping_template,0.651071881209,PASS
4,nist::non_overlapping_template,0.108988858746,PASS
4,nist::non_overlapping_template,0.143483413524,PASS
4,nist::non_overlapping_template,0.169506929069,PASS
4,nist::non_overlapping_template,0.955516761638,PASS
4,nist::non_overlapping_template,0.370200813718,PASS
4,nist::non_overlapping_template,0.074000318659,PASS
4,nist::non_overlapping_template,0.747640767000,PASS
4,nist::non_overlapping_template,0.550465080435,PASS
4,nist::non_overlapping_template,0.527916847370,PASS
4,nist::non_overlapping_template,0.056826383148,PASS
4,nist::non_overlapping_template,0.338736983577,PASS
4,nist::non_overlapping_template,0.635411869262,PASS
4,nist::non_overlapping_template,0.478900163716,PASS
4,nist::non_overlapping_template,0.996512816470,PASS
4,nist::non_overlapping_template,0.531516681179,PASS
4,nist::non_overlapping_template,0.388469498447,PASS
4,nist::non_overlapping_template,0.144788313209,PASS
4,nist::non_overlapping_template,0.523467136091,PASS
4,nist::non_overlapping_template,0.122355434177,PASS
4,nist::non_overlapping_template,0.016366067446,PASS
4,nist::non_overlapping_template,0.774808019691,PASS
4,nist::non_overlapping_template,0.259755463605,PASS
4,nist::non_overlapping_template,0.297678808949,PASS
4,nist::non_overlapping_template,0.007194301473,FAIL
4,nist::non_overlapping_template,0.640161080048,PASS
4,nist::non_overlapping_template,0.071476143214,PASS
4,nist::non_overlapping_template,0.549890645808,PASS
4,nist::non_overlapping_template,0.081574315169,PASS
4,nist::non_overlapping_template,0.066913927652,PASS
4,nist::non_overlapping_template,0.389981044123,PASS
4,nist::non_overlapping_template,0.690792445425,PASS
4,nist::non_overlapping_template,0.453610012669,PASS
4,nist::non_overlapping_template,0.074173872103,PASS
4,nist::non_overlapping_template,0.400062192190,PASS
4,nist::non_overlapping_template,0.098770463871,PASS
4,nist::non_overlapping_template,0.142346019675,PASS
4,nist::non_overlapping_template,0.044221264967,PASS
4,nist::non_overlapping_template,0.575848138760,PASS
4,nist::non_overlapping_template,0.369723593269,PASS
4,nist::non_overlapping_template,0.104741726250,PASS
4,nist::non_overlapping_template,0.351050403228,PASS
4,nist::non_overlapping_template,0.075376110748,PASS
4,nist::non_overlapping_template,0.992868749610,PASS
4,nist::non_overlapping_template,0.579112038444,PASS
4,nist::non_overlapping_template,0.209725057210,PASS
4,nist::non_overlapping_template,0.720223799250,PASS
4,nist::serial_delta1,0.965474248057,PASS
4,nist::serial_delta2,0.944152019893,PASS
4,maurer::universal_l06,0.640930093153,PASS
4,maurer::universal_l07,0.375716078053,PASS
4,maurer::universal_l08,0.307873399597,PASS
4,maurer::universal_l09,0.846836207667,PASS
4,maurer::universal_l10,0.729315314910,PASS
4,maurer::universal_l11,0.595209995642,PASS
4,maurer::universal_l12,0.597837025418,PASS
4,maurer::universal_l13,0.437161158842,PASS
4,maurer::universal_l14,0.804416709528,PASS
4,maurer::universal_l15,0.396002636113,PASS
4,maurer::universal_l16,0.793478053914,PASS
4,nist::random_excursions,0.349709960813,PASS
4,nist::random_excursions,0.197797448970,PASS
4,nist::random_excursions,0.415055128909,PASS
4,nist::random_excursions,0.278431714739,PASS
4,nist::random_excursions,0.662731680909,PASS
4,nist::random_excursions,0.572239790924,PASS
4,nist::random_excursions,0.475716740549,PASS
4,nist::random_excursions,0.246378239138,PASS
4,nist::random_excursions_variant,0.785420378197,PASS
4,nist::random_excursions_variant,0.755560887378,PASS
4,nist::random_excursions_variant,0.620004431759,PASS
4,nist::random_excursions_variant,0.259226281208,PASS
4,nist::random_excursions_variant,0.161590170346,PASS
4,nist::random_excursions_variant,0.114266656678,PASS
4,nist::random_excursions_variant,0.085449282931,PASS
4,nist::random_excursions_variant,0.163848210074,PASS
4,nist::random_excursions_variant,0.492704971417,PASS
4,nist::random_excursions_variant,0.755174330457,PASS
4,nist::random_excursions_variant,0.564546613862,PASS
4,nist::random_excursions_variant,0.342990388550,PASS
4,nist::random_excursions_variant,0.400502970755,PASS
4,nist::random_excursions_variant,0.331987092379,PASS
4,nist::random_excursions_variant,0.149410528355,PASS
4,nist::random_excursions_variant,0.221589219634,PASS
4,nist::random_excursions_variant,0.498846362805,PASS
4,nist::random_excursions_variant,0.528539526665,PASS
5,nist::frequency,0.869682038182,PASS
5,nist::block_frequency,0.880087140883,PASS
5,nist::runs,0.145645818533,PASS
5,nist::longest_run,0.150085409134,PASS
5,nist::matrix_rank,0.289376387960,PASS
5,nist::spectral,0.828659326991,PASS
5,nist::overlapping_template,0.536362180204,PASS
5,nist::universal,0.713751883149,PASS
5,nist::linear_complexity,0.389258049460,PASS
5,nist::approximate_entropy,0.063346599850,PASS
5,nist::cumulative_sums_forward,0.562484825142,PASS
5,nist::cumulative_sums_backward,0.430457443710,PASS
5,nist::non_overlapping_template,0.885561146955,PASS
5,nist::non_overlapping_template,0.291058245186,PASS
5,nist::non_overlapping_template,0.095338537270,PASS
5,nist::non_overlapping_template,0.849836209031,PASS
5,nist::non_overlapping_template,0.430064179499,PASS
5,nist::non_overlapping_template,0.163393771565,PASS
5,nist::non_overlapping_template,0.706574743433,PASS
5,nist::non_overlapping_template,0.632725147175,PASS
5,nist::non_overlapping_template,0.622798831043,PASS
5,nist::non_overlapping_template,0.085025334708,PASS
5,nist::non_overlapping_template,0.106088780625,PASS
5,nist::non_overlapping_template,0.588732996939,PASS
5,nist::non_overlapping_template,0.055042345921,PASS
5,nist::non_overlapping_template,0.472335956885,PASS
5,nist::non_overlapping_template,0.690845135429,PASS
5,nist::non_overlapping_template,0.541465262655,PASS
5,nist::non_overlapping_template,0.289312699942,PASS
5,nist::non_overlapping_template,0.658075363521,PASS
5,nist::non_overlapping_template,0.039090350425,PASS
5,nist::non_overlapping_template,0.210121257158,PASS
5,nist::non_overlapping_template,0.565793273660,PASS
5,nist::non_overlapping_template,0.021915110306,PASS
5,nist::non_overlapping_template,0.574520047732,PASS
5,nist::non_overlapping_template,0.017188481861,PASS
5,nist::non_overlapping_template,0.678050313936,PASS
5,nist::non_overlapping_template,0.286211061288,PASS
5,nist::non_overlapping_template,0.538265677088,PASS
5,nist::non_overlapping_template,0.913964453408,PASS
5,nist::non_overlapping_template,0.241932737995,PASS
5,nist::non_overlapping_template,0.582322827817,PASS
5,nist::non_overlapping_template,0.178523276622,PASS
5,nist::non_overlapping_template,0.975414257700,PASS
5,nist::non_overlapping_template,0.285747960021,PASS
5,nist::non_overlapping_template,0.790607241278,PASS
5,nist::non_overlapping_template,0.027543519616,PASS
5,nist::non_overlapping_template,0.063777037051,PASS
5,nist::non_overlapping_template,0.345072175285,PASS
5,nist::non_overlapping_template,0.863204507254,PASS
5,nist::non_overlapping_template,0.763662305555,PASS
5,nist::non_overlapping_template,0.478678598341,PASS
5,nist::non_overlapping_template,0.498591892165,PASS
5,nist::non_overlapping_template,0.474668933360,PASS
5,nist::non_overlapping_template,0.368792719171,PASS
5,nist::non_overlapping_template,0.272355068890,PASS
5,nist::non_overlapping_template,0.452304415852,PASS
5,nist::non_overlapping_template,0.497916580548,PASS
5,nist::non_overlapping_template,0.736990207493,PASS
5,nist::non_overlapping_template,0.440662416510,PASS
5,nist::non_overlapping_template,0.731875868380,PASS
5,nist::non_overlapping_template,0.476884350502,PASS
5,nist::non_overlapping_template,0.536136314859,PASS
5,nist::non_overlapping_template,0.544084376316,PASS
5,nist::non_overlapping_template,0.381199958687,PASS
5,nist::non_overlapping_template,0.034725692270,PASS
5,nist::non_overlapping_template,0.922457667158,PASS
5,nist::non_overlapping_template,0.356882926402,PASS
5,nist::non_overlapping_template,0.834589807323,PASS
5,nist::non_overlapping_template,0.463768411629,PASS
5,nist::non_overlapping_template,0.120882478178,PASS
5,nist::non_overlapping_template,0.263997186401,PASS
5,nist::non_overlapping_template,0.466366368226,PASS
5,nist::non_overlapping_template,0.237264138308,PASS
5,nist::non_overlapping_template,0.484494261711,PASS
5,nist::non_overlapping_template,0.639438097080,PASS
5,nist::non_overlapping_template,0.761834432889,PASS
5,nist::non_overlapping_template,0.044025943081,PASS
5,nist::non_overlapping_template,0.455549129387,PASS
5,nist::non_overlapping_template,0.308359127271,PASS
5,nist::non_overlapping_template,0.472991691400,PASS
5,nist::non_overlapping_template,0.788499631408,PASS
5,nist::non_overlapping_template,0.607515744533,PASS
5,nist::non_overlapping_template,0.152251235202,PASS
5,nist::non_overlapping_template,0.516568178927,PASS
5,nist::non_overlapping_template,0.113262997946,PASS
5,nist::non_overlapping_template,0.885561146955,PASS
5,nist::non_overlapping_template,0.912657982966,PASS
5,nist::non_overlapping_template,0.902818648520,PASS
5,nist::non_overlapping_template,0.680054432134,PASS
5,nist::non_overlapping_template,0.346276406723,PASS
5,nist::non_overlapping_template,0.242054145436,PASS
5,nist::non_overlapping_template,0.040471557417,PASS
5,nist::non_overlapping_template,0.996065907547,PASS
5,nist::non_overlapping_template,0.694917115329,PASS
5,nist::non_overlapping_template,0.594244121135,PASS
5,nist::non_overlapping_template,0.093658485833,PASS
5,nist::non_overlapping_template,0.083211815451,PASS
5,nist::non_overlapping_template,0.623552352423,PASS
5,nist::non_overlapping_template,0.755291296925,PASS
5,nist::non_overlapping_template,0.847827497703,PASS
5,nist::non_overlapping_template,0.820737085307,PASS
5,nist::non_overlapping_template,0.161211750153,PASS
5,nist::non_overlapping_template,0.210649531496,PASS
5,nist::non_overlapping_template,0.840859613742,PASS
5,nist::non_overlapping_template,0.479352373730,PASS
5,nist::non_overlapping_template,0.079374961341,PASS
5,nist::non_overlapping_template,0.744883444205,PASS
5,nist::non_overlapping_template,0.888074050121,PASS
5,nist::non_overlapping_template,0.123667802346,PASS
5,nist::non_overlapping_template,0.333588213236,PASS
5,nist::non_overlapping_template,0.624360675141,PASS
5,nist::non_overlapping_template,0.827676393489,PASS
5,nist::non_overlapping_template,0.549087277414,PASS
5,nist::non_overlapping_template,0.785518097092,PASS
5,nist::non_overlapping_template,0.111801273498,PASS
5,nist::non_overlapping_template,0.130820140894,PASS
5,nist::non_overlapping_template,0.105312619122,PASS
5,nist::non_overlapping_template,0.060146489861,PASS
5,nist::non_overlapping_template,0.176042660618,PASS
5,nist::non_overlapping_template,0.796825001439,PASS
5,nist::non_overlapping_template,0.453183543377,PASS
5,nist::non_overlapping_template,0.096248350745,PASS
5,nist::non_overlapping_template,0.135436810293,PASS
5,nist::non_overlapping_template,0.682557612536,PASS
5,nist::non_overlapping_template,0.844813815592,PASS
5,nist::non_overlapping_template,0.335166559196,PASS
5,nist::non_overlapping_template,0.472334344310,PASS
5,nist::non_overlapping_template,0.030033810395,PASS
5,nist::non_overlapping_template,0.509653406856,PASS
5,nist::non_overlapping_template,0.795073106442,PASS
5,nist::non_overlapping_template,0.872511661752,PASS
5,nist::non_overlapping_template,0.948848265088,PASS
5,nist::non_overlapping_template,0.604770772331,PASS
5,nist::non_overlapping_template,0.476401680905,PASS
5,nist::non_overlapping_template,0.108722393966,PASS
5,nist::non_overlapping_template,0.690743267306,PASS
5,nist::non_overlapping_template,0.031948264938,PASS
5,nist::non_overlapping_template,0.544155384513,PASS
5,nist::non_overlapping_template,0.986946822798,PASS
5,nist::non_overlapping_template,0.229775289686,PASS
5,nist::non_overlapping_template,0.594216960295,PASS
5,nist::non_overlapping_template,0.373665257758,PASS
5,nist::non_overlapping_template,0.893598135968,PASS
5,nist::non_overlapping_template,0.644279290789,PASS
5,nist::non_overlapping_template,0.808770292787,PASS
5,nist::non_overlapping_template,0.352326231375,PASS
5,nist::non_overlapping_template,0.183475586867,PASS
5,nist::non_overlapping_template,0.104643854813,PASS
5,nist::non_overlapping_template,0.579248822243,PASS
5,nist::non_overlapping_template,0.030307059551,PASS
5,nist::non_overlapping_template,0.628527284254,PASS
5,nist::non_overlapping_template,0.908642182377,PASS
5,nist::non_overlapping_template,0.956071177687,PASS
5,nist::non_overlapping_template,0.009245672921,FAIL
5,nist::non_overlapping_template,0.002915980198,FAIL
5,nist::non_overlapping_template,0.808514155175,PASS
5,nist::non_overlapping_template,0.378858251551,PASS
5,nist::non_overlapping_template,0.246740459749,PASS
5,nist::non_overlapping_template,0.113262997946,PASS
5,nist::serial_delta1,0.593647670114,PASS
5,nist::serial_delta2,0.764642303678,PASS
5,maurer::universal_l06,0.972926935891,PASS
5,maurer::universal_l07,0.258430296000,PASS
5,maurer::universal_l08,0.307367797649,PASS
5,maurer::universal_l09,0.295388195351,PASS
5,maurer::universal_l10,0.713751883149,PASS
5,maurer::universal_l11,0.972268398410,PASS
5,maurer::universal_l12,0.491876999209,PASS
5,maurer::universal_l13,0.981890520597,PASS
5,maurer::universal_l14,0.526598615983,PASS
5,maurer::universal_l15,0.610903571792,PASS
5,maurer::universal_l16,0.806914170913,PASS
5,nist::random_excursions,0.932016805254,PASS
5,nist::random_excursions,0.981557186358,PASS
5,nist::random_excursions,0.954004337234,PASS
5,nist::random_excursions,0.914089892411,PASS
5,nist::random_excursions,0.925560499977,PASS
5,nist::random_excursions,0.709106405213,PASS
5,nist::random_excursions,0.329825647430,PASS
5,nist::random_excursions,0.442518519940,PASS
5,nist::random_excursions_variant,0.421225254288,PASS
5,nist::random_excursions_variant,0.362315389462,PASS
5,nist::random_excursions_variant,0.426455357400,PASS
5,nist::random_excursions_variant,0.236389359784,PASS
5,nist::random_excursions_variant,0.293085199316,PASS
5,nist::random_excursions_variant,0.824729216764,PASS
5,nist::random_excursions_variant,0.942220019112,PASS
5,nist::random_excursions_variant,0.713554152331,PASS
5,nist::random_excursions_variant,0.583317809234,PASS
5,nist::random_excursions_variant,0.533056864662,PASS
5,nist::random_excursions_variant,0.462842666610,PASS
5,nist::random_excursions_variant,0.499916579823,PASS
5,nist::random_excursions_variant,0.781003765321,PASS
5,nist::random_excursions_variant,0.940372641296,PASS
5,nist::random_excursions_variant,0.994001848542,PASS
5,nist::random_excursions_variant,0.958635873802,PASS
5,nist::random_excursions_variant,0.992295226661,PASS
5,nist::random_excursions_variant,0.827659422816,PASS
6,nist::frequency,0.232537583523,PASS
6,nist::block_frequency,0.486602721860,PASS
6,nist::runs,0.267207920969,PASS
6,nist::longest_run,0.651137341247,PASS
6,nist::matrix_rank,0.386734380480,PASS
6,nist::spectral,0.387646336392,PASS
6,nist::overlapping_template,0.088038962071,PASS
6,nist::universal,0.075515203399,PASS
6,nist::linear_complexity,0.530607514111,PASS
6,nist::approximate_entropy,0.679809461346,PASS
6,nist::cumulative_sums_forward,0.159731438433,PASS
6,nist::cumulative_sums_backward,0.444263754054,PASS
6,nist::non_overlapping_template,0.270432888418,PASS
6,nist::non_overlapping_template,0.323648628210,PASS
6,nist::non_overlapping_template,0.679148945958,PASS
6,nist::non_overlapping_template,0.572826937672,PASS
6,nist::non_overlapping_template,0.620447088506,PASS
6,nist::non_overlapping_template,0.552980590290,PASS
6,nist::non_overlapping_template,0.430567810399,PASS
6,nist::non_overlapping_template,0.884718461490,PASS
6,nist::non_overlapping_template,0.761405940106,PASS
6,nist::non_overlapping_template,0.392598050558,PASS
6,nist::non_overlapping_template,0.863577233353,PASS
6,nist::non_overlapping_template,0.801836339181,PASS
6,nist::non_overlapping_template,0.493897098850,PASS
6,nist::non_overlapping_template,0.609249698173,PASS
6,nist::non_overlapping_template,0.583966881047,PASS
6,nist::non_overlapping_template,0.094914568595,PASS
6,nist::non_overlapping_template,0.088170768164,PASS
6,nist::non_overlapping_template,0.320432575802,PASS
6,nist::non_overlapping_template,0.740797296830,PASS
6,nist::non_overlapping_template,0.043576108175,PASS
6,nist::non_overlapping_template,0.338779950986,PASS
6,nist::non_overlapping_template,0.120236647276,PASS
6,nist::non_overlapping_template,0.980023327206,PASS
6,nist::non_overlapping_template,0.307768296073,PASS
6,nist::non_overlapping_template,0.255532872740,PASS
6,nist::non_overlapping_template,0.202644419097,PASS
6,nist::non_overlapping_template,0.345258957772,PASS
6,nist::non_overlapping_template,0.554055963093,PASS
6,nist::non_overlapping_template,0.896130706050,PASS
6,nist::non_overlapping_template,0.988793705751,PASS
6,nist::non_overlapping_template,0.534679861380,PASS
6,nist::non_overlapping_template,0.118933352900,PASS
6,nist::non_overlapping_template,0.293586974254,PASS
6,nist::non_overlapping_template,0.368698316470,PASS
6,nist::non_overlapping_template,0.195693244826,PASS
6,nist::non_overlapping_template,0.526111914142,PASS
6,nist::non_overlapping_template,0.521215706133,PASS
6,nist::non_overlapping_template,0.609961613023,PASS
6,nist::non_overlapping_template,0.685099696309,PASS
6,nist::non_overlapping_template,0.011465364593,PASS
6,nist::non_overlapping_template,0.233916788684,PASS
6,nist::non_overlapping_template,0.940323330682,PASS
6,nist::non_overlapping_template,0.571141208024,PASS
6,nist::non_overlapping_template,0.373969300260,PASS
6,nist::non_overlapping_template,0.815599816500,PASS
6,nist::non_overlapping_template,0.565266862496,PASS
6,nist::non_overlapping_template,0.659854921132,PASS
6,nist::non_overlapping_template,0.954983457865,PASS
6,nist::non_overlapping_template,0.698142585106,PASS
6,nist::non_overlapping_template,0.436362262622,PASS
6,nist::non_overlapping_template,0.093734203959,PASS
6,nist::non_overlapping_template,0.532914807244,PASS
6,nist::non_overlapping_template,0.665440826853,PASS
6,nist::non_overlapping_template,0.614426698157,PASS
6,nist::non_overlapping_template,0.300531033770,PASS
6,nist::non_overlapping_template,0.258480268103,PASS
6,nist::non_overlapping_template,0.176235537504,PASS
6,nist::non_overlapping_template,0.143339008171,PASS
6,nist::non_overlapping_template,0.379870805269,PASS
6,nist::non_overlapping_template,0.770126315235,PASS
6,nist::non_overlapping_template,0.992214311881,PASS
6,nist::non_overlapping_template,0.812664401339,PASS
6,nist::non_overlapping_template,0.830947713921,PASS
6,nist::non_overlapping_template,0.742571201697,PASS
6,nist::non_overlapping_template,0.668551040503,PASS
6,nist::non_overlapping_template,0.147901571800,PASS
6,nist::non_overlapping_template,0.237097820038,PASS
6,nist::non_overlapping_template,0.724459526509,PASS
6,nist::non_overlapping_template,0.069862194810,PASS
6,nist::non_overlapping_template,0.475997747730,PASS
6,nist::non_overlapping_template,0.597817410506,PASS
6,nist::non_overlapping_template,0.704168401461,PASS
6,nist::non_overlapping_template,0.464353455023,PASS
6,nist::non_overlapping_template,0.954304283081,PASS
6,nist::non_overlapping_template,0.270432888418,PASS
6,nist::non_overlapping_template,0.014204037218,PASS
6,nist::non_overlapping_template,0.772006578897,PASS
6,nist::non_overlapping_template,0.496357551616,PASS
6,nist::non_overlapping_template,0.492130773506,PASS
6,nist::non_overlapping_template,0.621684595279,PASS
6,nist::non_overlapping_template,0.428347720050,PASS
6,nist::non_overlapping_template,0.947811109173,PASS
6,nist::non_overlapping_template,0.900535256944,PASS
6,nist::non_overlapping_template,0.992114290617,PASS
6,nist::non_overlapping_template,0.753915257636,PASS
6,nist::non_overlapping_template,0.160779258904,PASS
6,nist::non_overlapping_template,0.585246902568,PASS
6,nist::non_overlapping_template,0.640451871140,PASS
6,nist::non_overlapping_template,0.856564783602,PASS
6,nist::non_overlapping_template,0.952985508698,PASS
6,nist::non_overlapping_template,0.697390894290,PASS
6,nist::non_overlapping_template,0.671036084008,PASS
6,nist::non_overlapping_template,0.607812161994,PASS
6,nist::non_overlapping_template,0.874938876375,PASS
6,nist::non_overlapping_template,0.401722806404,PASS
6,nist::non_overlapping_template,0.312718879726,PASS
6,nist::non_overlapping_template,0.229963884016,PASS
6,nist::non_overlapping_template,0.688772897829,PASS
6,nist::non_overlapping_template,0.921508639209,PASS
6,nist::non_overlapping_template,0.041903132628,PASS
6,nist::non_overlapping_template,0.017916745826,PASS
6,nist::non_overlapping_template,0.561399263395,PASS
6,nist::non_overlapping_template,0.163095181867,PASS
6,nist::non_overlapping_template,0.701638907975,PASS
6,nist::non_overlapping_template,0.878062689772,PASS
6,nist::non_overlapping_template,0.971374582714,PASS
6,nist::non_overlapping_template,0.812090922314,PASS
6,nist::non_overlapping_template,0.999179230451,PASS
6,nist::non_overlapping_template,0.891107013038,PASS
6,nist::non_overlapping_template,0.493890512013,PASS
6,nist::non_overlapping_template,0.216085493258,PASS
6,nist::non_overlapping_template,0.975063907495,PASS
6,nist::non_overlapping_template,0.303578580380,PASS
6,nist::non_overlapping_template,0.455036252846,PASS
6,nist::non_overlapping_template,0.121256038981,PASS
6,nist::non_overlapping_template,0.896338631551,PASS
6,nist::non_overlapping_template,0.462206926946,PASS
6,nist::non_overlapping_template,0.940193282822,PASS
6,nist::non_overlapping_template,0.488630487773,PASS
6,nist::non_overlapping_template,0.728209147890,PASS
6,nist::non_overlapping_template,0.031817710896,PASS
6,nist::non_overlapping_template,0.041643337407,PASS
6,nist::non_overlapping_template,0.133255485069,PASS
6,nist::non_overlapping_template,0.655810382658,PASS
6,nist::non_overlapping_template,0.990445247802,PASS
6,nist::non_overlapping_template,0.558005094231,PASS
6,nist::non_overlapping_template,0.744793900937,PASS
6,nist::non_overlapping_template,0.298740719498,PASS
6,nist::non_overlapping_template,0.337180106836,PASS
6,nist::non_overlapping_template,0.606339968569,PASS
6,nist::non_overlapping_template,0.664133865424,PASS
6,nist::non_overlapping_template,0.902789145562,PASS
6,nist::non_overlapping_template,0.605296402904,PASS
6,nist::non_overlapping_template,0.024434842215,PASS
6,nist::non_overlapping_template,0.711127933282,PASS
6,nist::non_overlapping_template,0.628997050779,PASS
6,nist::non_overlapping_template,0.799339781266,PASS
6,nist::non_overlapping_template,0.204510383296,PASS
6,nist::non_overlapping_template,0.959499694409,PASS
6,nist::non_overlapping_template,0.960340798406,PASS
6,nist::non_overlapping_template,0.237389318427,PASS
6,nist::non_overlapping_template,0.695466056234,PASS
6,nist::non_overlapping_template,0.546512390728,PASS
6,nist::non_overlapping_template,0.759450248286,PASS
6,nist::non_overlapping_template,0.749824625782,PASS
6,nist::non_overlapping_template,0.380689497716,PASS
6,nist::non_overlapping_template,0.526531221471,PASS
6,nist::non_overlapping_template,0.954304283081,PASS
6,nist::serial_delta1,0.780353214295,PASS
6,nist::serial_delta2,0.817868062506,PASS
6,maurer::universal_l06,0.925208995885,PASS
6,maurer::universal_l07,0.472992629183,PASS
6,maurer::universal_l08,0.035604876267,PASS
6,maurer::universal_l09,0.441850428087,PASS
6,maurer::universal_l10,0.075515203399,PASS
6,maurer::universal_l11,0.069330077107,PASS
6,maurer::universal_l12,0.538996576369,PASS
6,maurer::universal_l13,0.460326455611,PASS
6,maurer::universal_l14,0.251042577804,PASS
6,maurer::universal_l15,0.459826291178,PASS
6,maurer::universal_l16,0.034626703851,PASS
6,nist::random_excursions,NaN,FAIL
6,nist::random_excursions_variant,NaN,FAIL
7,nist::frequency,0.142298503267,PASS
7,nist::block_frequency,0.735717863825,PASS
7,nist::runs,0.431525505091,PASS
7,nist::longest_run,0.025200499609,PASS
7,nist::matrix_rank,0.578559573186,PASS
7,nist::spectral,0.695670313423,PASS
7,nist::overlapping_template,0.136728601450,PASS
7,nist::universal,0.199986683525,PASS
7,nist::linear_complexity,0.500876877855,PASS
7,nist::approximate_entropy,0.849149029125,PASS
7,nist::cumulative_sums_forward,0.197126587747,PASS
7,nist::cumulative_sums_backward,0.142017861280,PASS
7,nist::non_overlapping_template,0.052925329871,PASS
7,nist::non_overlapping_template,0.030400786276,PASS
7,nist::non_overlapping_template,0.221611043411,PASS
7,nist::non_overlapping_template,0.010163354476,PASS
7,nist::non_overlapping_template,0.694215442424,PASS
7,nist::non_overlapping_template,0.320923932895,PASS
7,nist::non_overlapping_template,0.768111179074,PASS
7,nist::non_overlapping_template,0.429079369725,PASS
7,nist::non_overlapping_template,0.706472601251,PASS
7,nist::non_overlapping_template,0.758794162508,PASS
7,nist::non_overlapping_template,0.024175322073,PASS
7,nist::non_overlapping_template,0.677109177366,PASS
7,nist::non_overlapping_template,0.671164898327,PASS
7,nist::non_overlapping_template,0.396361858862,PASS
7,nist::non_overlapping_template,0.040162034395,PASS
7,nist::non_overlapping_template,0.273285126516,PASS
7,nist::non_overlapping_template,0.277097806377,PASS
7,nist::non_overlapping_template,0.354023725192,PASS
7,nist::non_overlapping_template,0.569175759439,PASS
7,nist::non_overlapping_template,0.933580090577,PASS
7,nist::non_overlapping_template,0.009808247469,FAIL
7,nist::non_overlapping_template,0.644379180380,PASS
7,nist::non_overlapping_template,0.548325459823,PASS
7,nist::non_overlapping_template,0.736280567773,PASS
7,nist::non_overlapping_template,0.949873141089,PASS
7,nist::non_overlapping_template,0.361327145470,PASS
7,nist::non_overlapping_template,0.813092962174,PASS
7,nist::non_overlapping_template,0.026480274807,PASS
7,nist::non_overlapping_template,0.460455441041,PASS
7,nist::non_overlapping_template,0.248721116505,PASS
7,nist::non_overlapping_template,0.746223266949,PASS
7,nist::non_overlapping_template,0.742743761280,PASS
7,nist::non_overlapping_template,0.719279308844,PASS
7,nist::non_overlapping_template,0.617454542631,PASS
7,nist::non_overlapping_template,0.261854995071,PASS
7,nist::non_overlapping_template,0.976546357703,PASS
7,nist::non_overlapping_template,0.882017700355,PASS
7,nist::non_overlapping_template,0.695949142518,PASS
7,nist::non_overlapping_template,0.512358027226,PASS
7,nist::non_overlapping_template,0.086075485824,PASS
7,nist::non_overlapping_template,0.110481732877,PASS
7,nist::non_overlapping_template,0.281861114367,PASS
7,nist::non_overlapping_template,0.190882179540,PASS
7,nist::non_overlapping_template,0.768720263750,PASS
7,nist::non_overlapping_template,0.516759536826,PASS
7,nist::non_overlapping_template,0.935090280943,PASS
7,nist::non_overlapping_template,0.298740114331,PASS
7,nist::non_overlapping_template,0.812104283728,PASS
7,nist::non_overlapping_template,0.917015590456,PASS
7,nist::non_overlapping_template,0.344396578225,PASS
7,nist::non_overlapping_template,0.414954832808,PASS
7,nist::non_overlapping_template,0.438201918653,PASS
7,nist::non_overlapping_template,0.634799550586,PASS
7,nist::non_overlapping_template,0.322263831507,PASS
7,nist::non_overlapping_template,0.744061112506,PASS
7,nist::non_overlapping_template,0.254369607756,PASS
7,nist::non_overlapping_template,0.993604800969,PASS
7,nist::non_overlapping_template,0.041261012224,PASS
7,nist::non_overlapping_template,0.129995472688,PASS
7,nist::non_overlapping_template,0.390800919618,PASS
7,nist::non_overlapping_template,0.304780831704,PASS
7,nist::non_overlapping_template,0.259174990036,PASS
7,nist::non_overlapping_template,0.991922664339,PASS
7,nist::non_overlapping_template,0.981458270311,PASS
7,nist::non_overlapping_template,0.464658912089,PASS
7,nist::non_overlapping_template,0.586502212306,PASS
7,nist::non_overlapping_template,0.449714875710,PASS
7,nist::non_overlapping_template,0.805178560719,PASS
7,nist::non_overlapping_template,0.398098998437,PASS
7,nist::non_overlapping_template,0.864620476476,PASS
7,nist::non_overlapping_template,0.778787184297,PASS
7,nist::non_overlapping_template,0.487836002671,PASS
7,nist::non_overlapping_template,0.074357801233,PASS
7,nist::non_overlapping_template,0.042800502941,PASS
7,nist::non_overlapping_template,0.052925329871,PASS
7,nist::non_overlapping_template,0.648935302500,PASS
7,nist::non_overlapping_template,0.244075896415,PASS
7,nist::non_overlapping_template,0.071918022566,PASS
7,nist::non_overlapping_template,0.490233543841,PASS
7,nist::non_overlapping_template,0.495945035769,PASS
7,nist::non_overlapping_template,0.285307646855,PASS
7,nist::non_overlapping_template,0.285635492135,PASS
7,nist::non_overlapping_template,0.270096192935,PASS
7,nist::non_overlapping_template,0.758163800479,PASS
7,nist::non_overlapping_template,0.173220567505,PASS
7,nist::non_overlapping_template,0.352675891964,PASS
7,nist::non_overlapping_template,0.472154559141,PASS
7,nist::non_overlapping_template,0.252708422772,PASS
7,nist::non_overlapping_template,0.320770486329,PASS
7,nist::non_overlapping_template,0.151530551820,PASS
7,nist::non_overlapping_template,0.162153972214,PASS
7,nist::non_overlapping_template,0.278144990688,PASS
7,nist::non_overlapping_template,0.458768530070,PASS
7,nist::non_overlapping_template,0.070975488536,PASS
7,nist::non_overlapping_template,0.454571915486,PASS
7,nist::non_overlapping_template,0.135925406550,PASS
7,nist::non_overlapping_template,0.072215817529,PASS
7,nist::non_overlapping_template,0.668592524457,PASS
7,nist::non_overlapping_template,0.590794930890,PASS
7,nist::non_overlapping_template,0.758552343455,PASS
7,nist::non_overlapping_template,0.274556382817,PASS
7,nist::non_overlapping_template,0.294632289202,PASS
7,nist::non_overlapping_template,0.088640333550,PASS
7,nist::non_overlapping_template,0.230289246645,PASS
7,nist::non_overlapping_template,0.295721154792,PASS
7,nist::non_overlapping_template,0.113141992320,PASS
7,nist::non_overlapping_template,0.362072277523,PASS
7,nist::non_overlapping_template,0.309533282251,PASS
7,nist::non_overlapping_template,0.598206893200,PASS
7,nist::non_overlapping_template,0.824377946280,PASS
7,nist::non_overlapping_template,0.525571904919,PASS
7,nist::non_overlapping_template,0.713766751676,PASS
7,nist::non_overlapping_template,0.651258396294,PASS
7,nist::non_overlapping_template,0.012598604498,PASS
7,nist::non_overlapping_template,0.866500453477,PASS
7,nist::non_overlapping_template,0.400400020114,PASS
7,nist::non_overlapping_template,0.124363239248,PASS
7,nist::non_overlapping_template,0.150319834478,PASS
7,nist::non_overlapping_template,0.439496471701,PASS
7,nist::non_overlapping_template,0.538573402976,PASS
7,nist::non_overlapping_template,0.389179595761,PASS
7,nist::non_overlapping_template,0.940894027356,PASS
7,nist::non_overlapping_template,0.188684805996,PASS
7,nist::non_overlapping_template,0.064155734343,PASS
7,nist::non_overlapping_template,0.475412783286,PASS
7,nist::non_overlapping_template,0.044741926551,PASS
7,nist::non_overlapping_template,0.503032237042,PASS
7,nist::non_overlapping_template,0.868303485673,PASS
7,nist::non_overlapping_template,0.032099116450,PASS
7,nist::non_overlapping_template,0.849164137716,PASS
7,nist::non_overlapping_template,0.464401425879,PASS
7,nist::non_overlapping_template,0.620823693728,PASS
7,nist::non_overlapping_template,0.703483170909,PASS
7,nist::non_overlapping_template,0.155420530565,PASS
7,nist::non_overlapping_template,0.746122745243,PASS
7,nist::non_overlapping_template,0.485917776891,PASS
7,nist::non_overlapping_template,0.411071895892,PASS
7,nist::non_overlapping_template,0.802733187906,PASS
7,nist::non_overlapping_template,0.657860633816,PASS
7,nist::non_overlapping_template,0.538207719013,PASS
7,nist::non_overlapping_template,0.100794721040,PASS
7,nist::non_overlapping_template,0.353409228845,PASS
7,nist::non_overlapping_template,0.913485047624,PASS
7,nist::non_overlapping_template,0.378422994345,PASS
7,nist::non_overlapping_template,0.028758353355,PASS
7,nist::non_overlapping_template,0.523122982652,PASS
7,nist::non_overlapping_template,0.378838330918,PASS
7,nist::non_overlapping_template,0.043155557958,PASS
7,nist::serial_delta1,0.223079969979,PASS
7,nist::serial_delta2,0.389150502142,PASS
7,maurer::universal_l06,0.141049710900,PASS
7,maurer::universal_l07,0.613647397105,PASS
7,maurer::universal_l08,0.800074663271,PASS
7,maurer::universal_l09,0.265524130043,PASS
7,maurer::universal_l10,0.199986683525,PASS
7,maurer::universal_l11,0.469454124587,PASS
7,maurer::universal_l12,0.479200368119,PASS
7,maurer::universal_l13,0.414063208130,PASS
7,maurer::universal_l14,0.506316259765,PASS
7,maurer::universal_l15,0.806355077150,PASS
7,maurer::universal_l16,0.124727943385,PASS
7,nist::random_excursions,0.941814344444,PASS
7,nist::random_excursions,0.166048183463,PASS
7,nist::random_excursions,0.453288358948,PASS
7,nist::random_excursions,0.110396554204,PASS
7,nist::random_excursions,0.783499386228,PASS
7,nist::random_excursions,0.576671838272,PASS
7,nist::random_excursions,0.687287788746,PASS
7,nist::random_excursions,0.461325593397,PASS
7,nist::random_excursions_variant,0.584745397042,PASS
7,nist::random_excursions_variant,0.435151428646,PASS
7,nist::random_excursions_variant,0.631147481730,PASS
7,nist::random_excursions_variant,0.897822131104,PASS
7,nist::random_excursions_variant,0.956174690466,PASS
7,nist::random_excursions_variant,0.892603455343,PASS
7,nist::random_excursions_variant,0.990195805375,PASS
7,nist::random_excursions_variant,0.880205962868,PASS
7,nist::random_excursions_variant,0.762461357832,PASS
7,nist::random_excursions_variant,0.536417646142,PASS
7,nist::random_excursions_variant,0.361673219368,PASS
7,nist::random_excursions_variant,0.316589981824,PASS
7,nist::random_excursions_variant,0.689274733290,PASS
7,nist::random_excursions_variant,0.912481458682,PASS
7,nist::random_excursions_variant,0.953754241529,PASS
7,nist::random_excursions_variant,0.918057302777,PASS
7,nist::random_excursions_variant,0.842537412330,PASS
7,nist::random_excursions_variant,0.640860751316,PASS
8,nist::frequency,0.179029252582,PASS
8,nist::block_frequency,0.205966686645,PASS
8,nist::runs,0.372893809845,PASS
8,nist::longest_run,0.020502647264,PASS
8,nist::matrix_rank,0.007359966412,FAIL
8,nist::spectral,0.534281427668,PASS
8,nist::overlapping_template,0.065936347504,PASS
8,nist::universal,0.024107775380,PASS
8,nist::linear_complexity,0.748317683875,PASS
8,nist::approximate_entropy,0.541416763655,PASS
8,nist::cumulative_sums_forward,0.267594731572,PASS
8,nist::cumulative_sums_backward,0.214213767329,PASS
8,nist::non_overlapping_template,0.918798137885,PASS
8,nist::non_overlapping_template,0.724590994435,PASS
8,nist::non_overlapping_template,0.995495070268,PASS
8,nist::non_overlapping_template,0.531977481330,PASS
8,nist::non_overlapping_template,0.118957418279,PASS
8,nist::non_overlapping_template,0.538779724665,PASS
8,nist::non_overlapping_template,0.228434332392,PASS
8,nist::non_overlapping_template,0.742531048391,PASS
8,nist::non_overlapping_template,0.033666702468,PASS
8,nist::non_overlapping_template,0.487448804526,PASS
8,nist::non_overlapping_template,0.773653995292,PASS
8,nist::non_overlapping_template,0.504698423333,PASS
8,nist::non_overlapping_template,0.366861626067,PASS
8,nist::non_overlapping_template,0.655448026878,PASS
8,nist::non_overlapping_template,0.434614093177,PASS
8,nist::non_overlapping_template,0.161900546384,PASS
8,nist::non_overlapping_template,0.074831294578,PASS
8,nist::non_overlapping_template,0.226522017571,PASS
8,nist::non_overlapping_template,0.551667807618,PASS
8,nist::non_overlapping_template,0.094922321974,PASS
8,nist::non_overlapping_template,0.423600422722,PASS
8,nist::non_overlapping_template,0.833412870927,PASS
8,nist::non_overlapping_template,0.348135507596,PASS
8,nist::non_overlapping_template,0.093955863497,PASS
8,nist::non_overlapping_template,0.070796962531,PASS
8,nist::non_overlapping_template,0.797673144216,PASS
8,nist::non_overlapping_template,0.237658680986,PASS
8,nist::non_overlapping_template,0.672559619793,PASS
8,nist::non_overlapping_template,0.139785441290,PASS
8,nist::non_overlapping_template,0.795475796793,PASS
8,nist::non_overlapping_template,0.659151610781,PASS
8,nist::non_overlapping_template,0.286513840412,PASS
8,nist::non_overlapping_template,0.706664659677,PASS
8,nist::non_overlapping_template,0.278498920221,PASS
8,nist::non_overlapping_template,0.057009801324,PASS
8,nist::non_overlapping_template,0.165790647900,PASS
8,nist::non_overlapping_template,0.600079509130,PASS
8,nist::non_overlapping_template,0.882005866758,PASS
8,nist::non_overlapping_template,0.353979468705,PASS
8,nist::non_overlapping_template,0.357427398700,PASS
8,nist::non_overlapping_template,0.362408225263,PASS
8,nist::non_overlapping_template,0.638803520299,PASS
8,nist::non_overlapping_template,0.610429834939,PASS
8,nist::non_overlapping_template,0.745920825223,PASS
8,nist::non_overlapping_template,0.218317183829,PASS
8,nist::non_overlapping_template,0.220444227604,PASS
8,nist::non_overlapping_template,0.944826509806,PASS
8,nist::non_overlapping_template,0.425399934599,PASS
8,nist::non_overlapping_template,0.801041479042,PASS
8,nist::non_overlapping_template,0.241988527888,PASS
8,nist::non_overlapping_template,0.230726446557,PASS
8,nist::non_overlapping_template,0.178158601123,PASS
8,nist::non_overlapping_template,0.586944376597,PASS
8,nist::non_overlapping_template,0.628272102689,PASS
8,nist::non_overlapping_template,0.174091398186,PASS
8,nist::non_overlapping_template,0.201140874044,PASS
8,nist::non_overlapping_template,0.498943345410,PASS
8,nist::non_overlapping_template,0.945214924739,PASS
8,nist::non_overlapping_template,0.809190629022,PASS
8,nist::non_overlapping_template,0.024808714742,PASS
8,nist::non_overlapping_template,0.519450767234,PASS
8,nist::non_overlapping_template,0.861155961444,PASS
8,nist::non_overlapping_template,0.956890346369,PASS
8,nist::non_overlapping_template,0.078925470072,PASS
8,nist::non_overlapping_template,0.297880464122,PASS
8,nist::non_overlapping_template,0.502155243344,PASS
8,nist::non_overlapping_template,0.250118818824,PASS
8,nist::non_overlapping_template,0.156160072786,PASS
8,nist::non_overlapping_template,0.002551913841,FAIL
8,nist::non_overlapping_template,0.979312976426,PASS
8,nist::non_overlapping_template,0.039600445287,PASS
8,nist::non_overlapping_template,0.734187336658,PASS
8,nist::non_overlapping_template,0.035760322779,PASS
8,nist::non_overlapping_template,0.262567590705,PASS
8,nist::non_overlapping_template,0.918798137885,PASS
8,nist::non_overlapping_template,0.478289962821,PASS
8,nist::non_overlapping_template,0.379155716847,PASS
8,nist::non_overlapping_template,0.291876175393,PASS
8,nist::non_overlapping_template,0.543733658799,PASS
8,nist::non_overlapping_template,0.236144394725,PASS
8,nist::non_overlapping_template,0.425097173393,PASS
8,nist::non_overlapping_template,0.839223384969,PASS
8,nist::non_overlapping_template,0.942863531164,PASS
8,nist::non_overlapping_template,0.105219939776,PASS
8,nist::non_overlapping_template,0.111356926364,PASS
8,nist::non_overlapping_template,0.222065615910,PASS
8,nist::non_overlapping_template,0.651413088192,PASS
8,nist::non_overlapping_template,0.761616008124,PASS
8,nist::non_overlapping_template,0.538079025839,PASS
8,nist::non_overlapping_template,0.129087307230,PASS
8,nist::non_overlapping_template,0.756688407731,PASS
8,nist::non_overlapping_template,0.310470416093,PASS
8,nist::non_overlapping_template,0.938410904312,PASS
8,nist::non_overlapping_template,0.146488129925,PASS
8,nist::non_overlapping_template,0.813935027295,PASS
8,nist::non_overlapping_template,0.737821236546,PASS
8,nist::non_overlapping_template,0.079434064790,PASS
8,nist::non_overlapping_template,0.523302640085,PASS
8,nist::non_overlapping_template,0.526662280984,PASS
8,nist::non_overlapping_template,0.817782835181,PASS
8,nist::non_overlapping_template,0.295064486482,PASS
8,nist::non_overlapping_template,0.351798443371,PASS
8,nist::non_overlapping_template,0.644530341090,PASS
8,nist::non_overlapping_template,0.135127805294,PASS
8,nist::non_overlapping_template,0.407144974681,PASS
8,nist::non_overlapping_template,0.942091055883,PASS
8,nist::non_overlapping_template,0.849638703245,PASS
8,nist::non_overlapping_template,0.298416477308,PASS
8,nist::non_overlapping_template,0.425586838160,PASS
8,nist::non_overlapping_template,0.264737984266,PASS
8,nist::non_overlapping_template,0.323819055263,PASS
8,nist::non_overlapping_template,0.948885945792,PASS
8,nist::non_overlapping_template,0.085435412801,PASS
8,nist::non_overlapping_template,0.386822456906,PASS
8,nist::non_overlapping_template,0.205308353715,PASS
8,nist::non_overlapping_template,0.966148122664,PASS
8,nist::non_overlapping_template,0.193598141002,PASS
8,nist::non_overlapping_template,0.768954614245,PASS
8,nist::non_overlapping_template,0.653373631154,PASS
8,nist::non_overlapping_template,0.286563739395,PASS
8,nist::non_overlapping_template,0.065099544747,PASS
8,nist::non_overlapping_template,0.108006977401,PASS
8,nist::non_overlapping_template,0.815930937527,PASS
8,nist::non_overlapping_template,0.190851399017,PASS
8,nist::non_overlapping_template,0.071880647329,PASS
8,nist::non_overlapping_template,0.842053313493,PASS
8,nist::non_overlapping_template,0.590402898473,PASS
8,nist::non_overlapping_template,0.653442574627,PASS
8,nist::non_overlapping_template,0.685362695014,PASS
8,nist::non_overlapping_template,0.568136071116,PASS
8,nist::non_overlapping_template,0.162943996135,PASS
8,nist::non_overlapping_template,0.743658282121,PASS
8,nist::non_overlapping_template,0.595577927900,PASS
8,nist::non_overlapping_template,0.615283049591,PASS
8,nist::non_overlapping_template,0.274334063761,PASS
8,nist::non_overlapping_template,0.146294926892,PASS
8,nist::non_overlapping_template,0.243234510068,PASS
8,nist::non_overlapping_template,0.645028909011,PASS
8,nist::non_overlapping_template,0.158836838416,PASS
8,nist::non_overlapping_template,0.499044253224,PASS
8,nist::non_overlapping_template,0.366953633510,PASS
8,nist::non_overlapping_template,0.226755147426,PASS
8,nist::non_overlapping_template,0.162266048383,PASS
8,nist::non_overlapping_template,0.293039370236,PASS
8,nist::non_overlapping_template,0.928079768180,PASS
8,nist::non_overlapping_template,0.571853206323,PASS
8,nist::non_overlapping_template,0.713514423223,PASS
8,nist::non_overlapping_template,0.262567590705,PASS
8,nist::serial_delta1,0.649751051097,PASS
8,nist::serial_delta2,0.750031181681,PASS
8,maurer::universal_l06,0.004252342899,FAIL
8,maurer::universal_l07,0.929423344607,PASS
8,maurer::universal_l08,0.287914621264,PASS
8,maurer::universal_l09,0.769305451377,PASS
8,maurer::universal_l10,0.024107775380,PASS
8,maurer::universal_l11,0.000360237951,FAIL
8,maurer::universal_l12,0.035529295943,PASS
8,maurer::universal_l13,0.792064422784,PASS
8,maurer::universal_l14,0.707209572284,PASS
8,maurer::universal_l15,0.628113982080,PASS
8,maurer::universal_l16,0.522860116614,PASS
8,nist::random_excursions,0.428178257974,PASS
8,nist::random_excursions,0.386176505789,PASS
8,nist::random_excursions,0.256078640200,PASS
8,nist::random_excursions,0.092822661186,PASS
8,nist::random_excursions,0.377960855838,PASS
8,nist::random_excursions,0.024672217872,PASS
8,nist::random_excursions,0.148250666270,PASS
8,nist::random_excursions,0.108169401375,PASS
8,nist::random_excursions_variant,0.072142948718,PASS
8,nist::random_excursions_variant,0.071652158209,PASS
8,nist::random_excursions_variant,0.084984921845,PASS
8,nist::random_excursions_variant,0.144270824443,PASS
8,nist::random_excursions_variant,0.347567407330,PASS
8,nist::random_excursions_variant,0.498207717713,PASS
8,nist::random_excursions_variant,0.415850008874,PASS
8,nist::random_excursions_variant,0.331334492889,PASS
8,nist::random_excursions_variant,0.208209553438,PASS
8,nist::random_excursions_variant,0.267848576901,PASS
8,nist::random_excursions_variant,0.818840877536,PASS
8,nist::random_excursions_variant,0.951219016015,PASS
8,nist::random_excursions_variant,0.559054379295,PASS
8,nist::random_excursions_variant,0.578009005836,PASS
8,nist::random_excursions_variant,0.558092012413,PASS
8,nist::random_excursions_variant,0.561591599314,PASS
8,nist::random_excursions_variant,0.416584606042,PASS
8,nist::random_excursions_variant,0.299059440514,PASS
9,nist::frequency,0.963391260640,PASS
9,nist::block_frequency,0.133593252034,PASS
9,nist::runs,0.198226221299,PASS
9,nist::longest_run,0.584787026480,PASS
9,nist::matrix_rank,0.399103668056,PASS
9,nist::spectral,0.611683418155,PASS
9,nist::overlapping_template,0.900642328994,PASS
9,nist::universal,0.365096681892,PASS
9,nist::linear_complexity,0.825456437602,PASS
9,nist::approximate_entropy,0.264078177659,PASS
9,nist::cumulative_sums_forward,0.897181195097,PASS
9,nist::cumulative_sums_backward,0.928653707333,PASS
9,nist::non_overlapping_template,0.257004701575,PASS
9,nist::non_overlapping_template,0.381970390101,PASS
9,nist::non_overlapping_template,0.285140903416,PASS
9,nist::non_overlapping_template,0.859259413666,PASS
9,nist::non_overlapping_template,0.165218086885,PASS
9,nist::non_overlapping_template,0.162536793281,PASS
9,nist::non_overlapping_template,0.094560393267,PASS
9,nist::non_overlapping_template,0.106513595759,PASS
9,nist::non_overlapping_template,0.449091504030,PASS
9,nist::non_overlapping_template,0.018116934313,PASS
9,nist::non_overlapping_template,0.073101573564,PASS
9,nist::non_overlapping_template,0.749278399260,PASS
9,nist::non_overlapping_template,0.266060376749,PASS
9,nist::non_overlapping_template,0.227594996944,PASS
9,nist::non_overlapping_template,0.017345728396,PASS
9,nist::non_overlapping_template,0.027123591353,PASS
9,nist::non_overlapping_template,0.869590443053,PASS
9,nist::non_overlapping_template,0.244375077716,PASS
9,nist::non_overlapping_template,0.608686588375,PASS
9,nist::non_overlapping_template,0.919304070669,PASS
9,nist::non_overlapping_template,0.125071338659,PASS
9,nist::non_overlapping_template,0.556374950488,PASS
9,nist::non_overlapping_template,0.079958905468,PASS
9,nist::non_overlapping_template,0.142187219799,PASS
9,nist::non_overlapping_template,0.436743012983,PASS
9,nist::non_overlapping_template,0.987657057646,PASS
9,nist::non_overlapping_template,0.316452595903,PASS
9,nist::non_overlapping_template,0.469600895676,PASS
9,nist::non_overlapping_template,0.746036698974,PASS
9,nist::non_overlapping_template,0.364730830892,PASS
9,nist::non_overlapping_template,0.547407962985,PASS
9,nist::non_overlapping_template,0.356350626528,PASS
9,nist::non_overlapping_template,0.242086700994,PASS
9,nist::non_overlapping_template,0.145591779263,PASS
9,nist::non_overlapping_template,0.433031575888,PASS
9,nist::non_overlapping_template,0.028128945370,PASS
9,nist::non_overlapping_template,0.678874092624,PASS
9,nist::non_overlapping_template,0.232575916658,PASS
9,nist::non_overlapping_template,0.256145980496,PASS
9,nist::non_overlapping_template,0.536613883426,PASS
9,nist::non_overlapping_template,0.992412116621,PASS
9,nist::non_overlapping_template,0.615422264948,PASS
9,nist::non_overlapping_template,0.746584395872,PASS
9,nist::non_overlapping_template,0.247721108537,PASS
9,nist::non_overlapping_template,0.335631402148,PASS
9,nist::non_overlapping_template,0.292472844833,PASS
9,nist::non_overlapping_template,0.833173653347,PASS
9,nist::non_overlapping_template,0.636929975759,PASS
9,nist::non_overlapping_template,0.238447767946,PASS
9,nist::non_overlapping_template,0.605297281947,PASS
9,nist::non_overlapping_template,0.723325189386,PASS
9,nist::non_overlapping_template,0.689554861795,PASS
9,nist::non_overlapping_template,0.528611867566,PASS
9,nist::non_overlapping_template,0.826805244281,PASS
9,nist::non_overlapping_template,0.323266996098,PASS
9,nist::non_overlapping_template,0.936264268771,PASS
9,nist::non_overlapping_template,0.134594799832,PASS
9,nist::non_overlapping_template,0.017079777890,PASS
9,nist::non_overlapping_template,0.722902755944,PASS
9,nist::non_overlapping_template,0.498997106657,PASS
9,nist::non_overlapping_template,0.591101243704,PASS
9,nist::non_overlapping_template,0.172360040832,PASS
9,nist::non_overlapping_template,0.594281796252,PASS
9,nist::non_overlapping_template,0.057994388745,PASS
9,nist::non_overlapping_template,0.729164159698,PASS
9,nist::non_overlapping_template,0.574368762771,PASS
9,nist::non_overlapping_template,0.212532996643,PASS
9,nist::non_overlapping_template,0.235178807062,PASS
9,nist::non_overlapping_template,0.800858220474,PASS
9,nist::non_overlapping_template,0.446101324151,PASS
9,nist::non_overlapping_template,0.891363192377,PASS
9,nist::non_overlapping_template,0.335371350930,PASS
9,nist::non_overlapping_template,0.565740453171,PASS
9,nist::non_overlapping_template,0.069262768223,PASS
9,nist::non_overlapping_template,0.257004701575,PASS
9,nist::non_overlapping_template,0.978923563050,PASS
9,nist::non_overlapping_template,0.926326531878,PASS
9,nist::non_overlapping_template,0.606709284347,PASS
9,nist::non_overlapping_template,0.800477135306,PASS
9,nist::non_overlapping_template,0.038525516933,PASS
9,nist::non_overlapping_template,0.339752002941,PASS
9,nist::non_overlapping_template,0.414495538287,PASS
9,nist::non_overlapping_template,0.531149334249,PASS
9,nist::non_overlapping_template,0.872564666121,PASS
9,nist::non_overlapping_template,0.966100116896,PASS
9,nist::non_overlapping_template,0.956395687181,PASS
9,nist::non_overlapping_template,0.449198380158,PASS
9,nist::non_overlapping_template,0.866547557149,PASS
9,nist::non_overlapping_template,0.679266986765,PASS
9,nist::non_overlapping_template,0.043528962424,PASS
9,nist::non_overlapping_template,0.560315263444,PASS
9,nist::non_overlapping_template,0.968701182052,PASS
9,nist::non_overlapping_template,0.190217455236,PASS
9,nist::non_overlapping_template,0.354134722969,PASS
9,nist::non_overlapping_template,0.617677560249,PASS
9,nist::non_overlapping_template,0.487815534108,PASS
9,nist::non_overlapping_template,0.118184011757,PASS
9,nist::non_overlapping_template,0.733803060853,PASS
9,nist::non_overlapping_template,0.831062216174,PASS
9,nist::non_overlapping_template,0.286638893441,PASS
9,nist::non_overlapping_template,0.995746837804,PASS
9,nist::non_overlapping_template,0.436459754466,PASS
9,nist::non_overlapping_template,0.137808056299,PASS
9,nist::non_overlapping_template,0.818944883636,PASS
9,nist::non_overlapping_template,0.560500924871,PASS
9,nist::non_overlapping_template,0.997396161702,PASS
9,nist::non_overlapping_template,0.790310700465,PASS
9,nist::non_overlapping_template,0.058724546587,PASS
9,nist::non_overlapping_template,0.242868017355,PASS
9,nist::non_overlapping_template,0.412107651403,PASS
9,nist::non_overlapping_template,0.595771649536,PASS
9,nist::non_overlapping_template,0.049596517458,PASS
9,nist::non_overlapping_template,0.726392438106,PASS
9,nist::non_overlapping_template,0.126828402033,PASS
9,nist::non_overlapping_template,0.283938970043,PASS
9,nist::non_overlapping_template,0.224931013043,PASS
9,nist::non_overlapping_template,0.315922599385,PASS
9,nist::non_overlapping_template,0.194380079709,PASS
9,nist::non_overlapping_template,0.902236243255,PASS
9,nist::non_overlapping_template,0.263593725847,PASS
9,nist::non_overlapping_template,0.369577913260,PASS
9,nist::non_overlapping_template,0.605895077710,PASS
9,nist::non_overlapping_template,0.330595042613,PASS
9,nist::non_overlapping_template,0.417631520102,PASS
9,nist::non_overlapping_template,0.180537996721,PASS
9,nist::non_overlapping_template,0.965930407821,PASS
9,nist::non_overlapping_template,0.168259235245,PASS
9,nist::non_overlapping_template,0.616136025232,PASS
9,nist::non_overlapping_template,0.162970998359,PASS
9,nist::non_overlapping_template,0.371506251681,PASS
9,nist::non_overlapping_template,0.937594436673,PASS
9,nist::non_overlapping_template,0.688694691401,PASS
9,nist::non_overlapping_template,0.612997145607,PASS
9,nist::non_overlapping_template,0.207643165523,PASS
9,nist::non_overlapping_template,0.695108291903,PASS
9,nist::non_overlapping_template,0.350381184290,PASS
9,nist::non_overlapping_template,0.138627047027,PASS
9,nist::non_overlapping_template,0.726102991777,PASS
9,nist::non_overlapping_template,0.093687976926,PASS
9,nist::non_overlapping_template,0.824098132705,PASS
9,nist::non_overlapping_template,0.752488377464,PASS
9,nist::non_overlapping_template,0.842672186323,PASS
9,nist::non_overlapping_template,0.806965550002,PASS
9,nist::non_overlapping_template,0.331058126713,PASS
9,nist::non_overlapping_template,0.904994326737,PASS
9,nist::non_overlapping_template,0.318000782865,PASS
9,nist::non_overlapping_template,0.117890317797,PASS
9,nist::non_overlapping_template,0.069262768223,PASS
9,nist::serial_delta1,0.498257514555,PASS
9,nist::serial_delta2,0.755000040587,PASS
9,maurer::universal_l06,0.332382813101,PASS
9,maurer::universal_l07,0.984755335667,PASS
9,maurer::universal_l08,0.956785812401,PASS
9,maurer::universal_l09,0.431773826851,PASS
9,maurer::universal_l10,0.365096681892,PASS
9,maurer::universal_l11,0.344676767130,PASS
9,maurer::universal_l12,0.545276092679,PASS
9,maurer::universal_l13,0.752339104213,PASS
9,maurer::universal_l14,0.793468951875,PASS
9,maurer::universal_l15,0.892196409431,PASS
9,maurer::universal_l16,0.302588477012,PASS
9,nist::random_excursions,0.246566994628,PASS
9,nist::random_excursions,0.508567274097,PASS
9,nist::random_excursions,0.938018015256,PASS
9,nist::random_excursions,0.550288252504,PASS
9,nist::random_excursions,0.038416355792,PASS
9,nist::random_excursions,0.003288116449,FAIL
9,nist::random_excursions,0.255143944367,PASS
9,nist::random_excursions,0.532898537175,PASS
9,nist::random_excursions_variant,0.812730236933,PASS
9,nist::random_excursions_variant,0.551812387983,PASS
9,nist::random_excursions_variant,0.641480654718,PASS
9,nist::random_excursions_variant,0.672031766338,PASS
9,nist::random_excursions_variant,0.682144917254,PASS
9,nist::random_excursions_variant,0.928753490013,PASS
9,nist::random_excursions_variant,0.880637661194,PASS
9,nist::random_excursions_variant,0.757771245193,PASS
9,nist::random_excursions_variant,0.199831458652,PASS
9,nist::random_excursions_variant,0.619877277306,PASS
9,nist::random_excursions_variant,0.704760355423,PASS
9,nist::random_excursions_variant,0.277808880757,PASS
9,nist::random_excursions_variant,0.219179779498,PASS
9,nist::random_excursions_variant,0.398382751229,PASS
9,nist::random_excursions_variant,0.603064959302,PASS
9,nist::random_excursions_variant,0.522704234741,PASS
9,nist::random_excursions_variant,0.409043689909,PASS
9,nist::random_excursions_variant,0.472683483187,PASS
10,nist::frequency,0.012765887284,PASS
10,nist::block_frequency,0.304514153975,PASS
10,nist::runs,0.285997116005,PASS
10,nist::longest_run,0.207449474304,PASS
10,nist::matrix_rank,0.661786534518,PASS
10,nist::spectral,0.543160046328,PASS
10,nist::overlapping_template,0.183049146166,PASS
10,nist::universal,0.485910219579,PASS
10,nist::linear_complexity,0.395063403971,PASS
10,nist::approximate_entropy,0.995458778799,PASS
10,nist::cumulative_sums_forward,0.018839314535,PASS
10,nist::cumulative_sums_backward,0.024095528456,PASS
10,nist::non_overlapping_template,0.897995747885,PASS
10,nist::non_overlapping_template,0.923418584495,PASS
10,nist::non_overlapping_template,0.307791790143,PASS
10,nist::non_overlapping_template,0.921792763804,PASS
10,nist::non_overlapping_template,0.860937683224,PASS
10,nist::non_overlapping_template,0.552292696325,PASS
10,nist::non_overlapping_template,0.037920659163,PASS
10,nist::non_overlapping_template,0.648861930900,PASS
10,nist::non_overlapping_template,0.814342287150,PASS
10,nist::non_overlapping_template,0.521409428332,PASS
10,nist::non_overlapping_template,0.477082021340,PASS
10,nist::non_overlapping_template,0.518995817593,PASS
10,nist::non_overlapping_template,0.264049101654,PASS
10,nist::non_overlapping_template,0.545644706157,PASS
10,nist::non_overlapping_template,0.403508107652,PASS
10,nist::non_overlapping_template,0.876291370867,PASS
10,nist::non_overlapping_template,0.991241769683,PASS
10,nist::non_overlapping_template,0.059457998574,PASS
10,nist::non_overlapping_template,0.812500271264,PASS
10,nist::non_overlapping_template,0.920652625175,PASS
10,nist::non_overlapping_template,0.711795141239,PASS
10,nist::non_overlapping_template,0.894402879863,PASS
10,nist::non_overlapping_template,0.372870978889,PASS
10,nist::non_overlapping_template,0.052584800698,PASS
10,nist::non_overlapping_template,0.099371267136,PASS
10,nist::non_overlapping_template,0.738182993978,PASS
10,nist::non_overlapping_template,0.536785027666,PASS
10,nist::non_overlapping_template,0.501004622735,PASS
10,nist::non_overlapping_template,0.531107769698,PASS
10,nist::non_overlapping_template,0.746340815832,PASS
10,nist::non_overlapping_template,0.361383737524,PASS
10,nist::non_overlapping_template,0.837963617319,PASS
10,nist::non_overlapping_template,0.935861307593,PASS
10,nist::non_overlapping_template,0.152153159706,PASS
10,nist::non_overlapping_template,0.613581949908,PASS
10,nist::non_overlapping_template,0.987393549621,PASS
10,nist::non_overlapping_template,0.585832115267,PASS
10,nist::non_overlapping_template,0.669622479896,PASS
10,nist::non_overlapping_template,0.760217825353,PASS
10,nist::non_overlapping_template,0.811586108819,PASS
10,nist::non_overlapping_template,0.860925709140,PASS
10,nist::non_overlapping_template,0.646343410946,PASS
10,nist::non_overlapping_template,0.000392269114,FAIL
10,nist::non_overlapping_template,0.012158376452,PASS
10,nist::non_overlapping_template,0.053589604896,PASS
10,nist::non_overlapping_template,0.866453342973,PASS
10,nist::non_overlapping_template,0.525848221306,PASS
10,nist::non_overlapping_template,0.533362456561,PASS
10,nist::non_overlapping_template,0.991930230489,PASS
10,nist::non_overlapping_template,0.559243101399,PASS
10,nist::non_overlapping_template,0.794392283190,PASS
10,nist::non_overlapping_template,0.942538229399,PASS
10,nist::non_overlapping_template,0.274953593520,PASS
10,nist::non_overlapping_template,0.722855139084,PASS
10,nist::non_overlapping_template,0.375059080170,PASS
10,nist::non_overlapping_template,0.224932476681,PASS
10,nist::non_overlapping_template,0.891786178610,PASS
10,nist::non_overlapping_template,0.616514094870,PASS
10,nist::non_overlapping_template,0.904388221106,PASS
10,nist::non_overlapping_template,0.765875913011,PASS
10,nist::non_overlapping_template,0.144085255696,PASS
10,nist::non_overlapping_template,0.125472002061,PASS
10,nist::non_overlapping_template,0.880075391431,PASS
10,nist::non_overlapping_template,0.133658067523,PASS
10,nist::non_overlapping_template,0.857736630020,PASS
10,nist::non_overlapping_template,0.403670105180,PASS
10,nist::non_overlapping_template,0.562753610465,PASS
10,nist::non_overlapping_template,0.892405377259,PASS
10,nist::non_overlapping_template,0.411522979738,PASS
10,nist::non_overlapping_template,0.541548112318,PASS
10,nist::non_overlapping_template,0.047837044209,PASS
10,nist::non_overlapping_template,0.129779656593,PASS
10,nist::non_overlapping_template,0.553144864857,PASS
10,nist::non_overlapping_template,0.846066675578,PASS
10,nist::non_overlapping_template,0.897995747885,PASS
10,nist::non_overlapping_template,0.582252168048,PASS
10,nist::non_overlapping_template,0.000026348293,FAIL
10,nist::non_overlapping_template,0.070592528999,PASS
10,nist::non_overlapping_template,0.026517382296,PASS
10,nist::non_overlapping_template,0.337326412608,PASS
10,nist::non_overlapping_template,0.631499068775,PASS
10,nist::non_overlapping_template,0.816913773960,PASS
10,nist::non_overlapping_template,0.213151651900,PASS
10,nist::non_overlapping_template,0.789031367740,PASS
10,nist::non_overlapping_template,0.176237539219,PASS
10,nist::non_overlapping_template,0.920877825965,PASS
10,nist::non_overlapping_template,0.127939356593,PASS
10,nist::non_overlapping_template,0.245117749708,PASS
10,nist::non_overlapping_template,0.501552434260,PASS
10,nist::non_overlapping_template,0.406493152691,PASS
10,nist::non_overlapping_template,0.796275643476,PASS
10,nist::non_overlapping_template,0.086383729863,PASS
10,nist::non_overlapping_template,0.954840883446,PASS
10,nist::non_overlapping_template,0.662672132092,PASS
10,nist::non_overlapping_template,0.186196728063,PASS
10,nist::non_overlapping_template,0.393009909326,PASS
10,nist::non_overlapping_template,0.927597642380,PASS
10,nist::non_overlapping_template,0.373269745235,PASS
10,nist::non_overlapping_template,0.296753311407,PASS
10,nist::non_overlapping_template,0.702405988229,PASS
10,nist::non_overlapping_template,0.330578790756,PASS
10,nist::non_overlapping_template,0.162458971443,PASS
10,nist::non_overlapping_template,0.953718243040,PASS
10,nist::non_overlapping_template,0.428361503815,PASS
10,nist::non_overlapping_template,0.085503038733,PASS
10,nist::non_overlapping_template,0.377473924660,PASS
10,nist::non_overlapping_template,0.189539322546,PASS
10,nist::non_overlapping_template,0.627522498238,PASS
10,nist::non_overlapping_template,0.068619861161,PASS
10,nist::non_overlapping_template,0.824369492610,PASS
10,nist::non_overlapping_template,0.709564478475,PASS
10,nist::non_overlapping_template,0.002037954415,FAIL
10,nist::non_overlapping_template,0.685039001660,PASS
10,nist::non_overlapping_template,0.976881980445,PASS
10,nist::non_overlapping_template,0.349174148131,PASS
10,nist::non_overlapping_template,0.139741975966,PASS
10,nist::non_overlapping_template,0.282810539776,PASS
10,nist::non_overlapping_template,0.907464584277,PASS
10,nist::non_overlapping_template,0.267309690943,PASS
10,nist::non_overlapping_template,0.406669982582,PASS
10,nist::non_overlapping_template,0.116719072356,PASS
10,nist::non_overlapping_template,0.833350248519,PASS
10,nist::non_overlapping_template,0.284476399027,PASS
10,nist::non_overlapping_template,0.570702838334,PASS
10,nist::non_overlapping_template,0.357463716297,PASS
10,nist::non_overlapping_template,0.187508365529,PASS
10,nist::non_overlapping_template,0.396601896506,PASS
10,nist::non_overlapping_template,0.215070870187,PASS
10,nist::non_overlapping_template,0.012313516384,PASS
10,nist::non_overlapping_template,0.807201735756,PASS
10,nist::non_overlapping_template,0.353573161395,PASS
10,nist::non_overlapping_template,0.118230457682,PASS
10,nist::non_overlapping_template,0.350090485056,PASS
10,nist::non_overlapping_template,0.470622509052,PASS
10,nist::non_overlapping_template,0.357739946563,PASS
10,nist::non_overlapping_template,0.484902414868,PASS
10,nist::non_overlapping_template,0.928549895709,PASS
10,nist::non_overlapping_template,0.730772636498,PASS
10,nist::non_overlapping_template,0.293892450710,PASS
10,nist::non_overlapping_template,0.776084622206,PASS
10,nist::non_overlapping_template,0.626731473918,PASS
10,nist::non_overlapping_template,0.289608415732,PASS
10,nist::non_overlapping_template,0.737770651511,PASS
10,nist::non_overlapping_template,0.375664521679,PASS
10,nist::non_overlapping_template,0.214358062906,PASS
10,nist::non_overlapping_template,0.954042612647,PASS
10,nist::non_overlapping_template,0.787069492171,PASS
10,nist::non_overlapping_template,0.846066675578,PASS
10,nist::serial_delta1,0.192584300252,PASS
10,nist::serial_delta2,0.098020407761,PASS
10,maurer::universal_l06,0.288478710980,PASS
10,maurer::universal_l07,0.114589990052,PASS
10,maurer::universal_l08,0.345828552171,PASS
10,maurer::universal_l09,0.879595997309,PASS
10,maurer::universal_l10,0.485910219579,PASS
10,maurer::universal_l11,0.618442705917,PASS
10,maurer::universal_l12,0.770716462135,PASS
10,maurer::universal_l13,0.798296136346,PASS
10,maurer::universal_l14,0.617228582894,PASS
10,maurer::universal_l15,0.150611392419,PASS
10,maurer::universal_l16,0.827227569824,PASS
10,nist::random_excursions,0.460090159625,PASS
10,nist::random_excursions,0.214182074299,PASS
10,nist::random_excursions,0.023110309522,PASS
10,nist::random_excursions,0.909810001178,PASS
10,nist::random_excursions,0.955352107995,PASS
10,nist::random_excursions,0.971282288382,PASS
10,nist::random_excursions,0.758441124488,PASS
10,nist::random_excursions,0.920937505368,PASS
10,nist::random_excursions_variant,0.368813371618,PASS
10,nist::random_excursions_variant,0.485704202083,PASS
10,nist::random_excursions_variant,0.702164479824,PASS
10,nist::random_excursions_variant,0.775029344658,PASS
10,nist::random_excursions_variant,0.885799647352,PASS
10,nist::random_excursions_variant,0.887761249232,PASS
10,nist::random_excursions_variant,0.887629381465,PASS
10,nist::random_excursions_variant,0.406992570726,PASS
10,nist::random_excursions_variant,0.490582893960,PASS
10,nist::random_excursions_variant,0.796007065797,PASS
10,nist::random_excursions_variant,0.868283331551,PASS
10,nist::random_excursions_variant,0.690466481808,PASS
10,nist::random_excursions_variant,0.703955761495,PASS
10,nist::random_excursions_variant,0.723139783644,PASS
10,nist::random_excursions_variant,0.729021524157,PASS
10,nist::random_excursions_variant,0.942840657447,PASS
10,nist::random_excursions_variant,0.806652598641,PASS
10,nist::random_excursions_variant,0.567819579150,PASS
